-- MySQL dump 10.13  Distrib 8.0.36, for Win64 (x86_64)
--
-- Host: localhost    Database: pokedex
-- ------------------------------------------------------
-- Server version	8.0.36

/*!40101 SET @OLD_CHARACTER_SET_CLIENT=@@CHARACTER_SET_CLIENT */;
/*!40101 SET @OLD_CHARACTER_SET_RESULTS=@@CHARACTER_SET_RESULTS */;
/*!40101 SET @OLD_COLLATION_CONNECTION=@@COLLATION_CONNECTION */;
/*!50503 SET NAMES utf8mb4 */;
/*!40103 SET @OLD_TIME_ZONE=@@TIME_ZONE */;
/*!40103 SET TIME_ZONE='+00:00' */;
/*!40014 SET @OLD_UNIQUE_CHECKS=@@UNIQUE_CHECKS, UNIQUE_CHECKS=0 */;
/*!40014 SET @OLD_FOREIGN_KEY_CHECKS=@@FOREIGN_KEY_CHECKS, FOREIGN_KEY_CHECKS=0 */;
/*!40101 SET @OLD_SQL_MODE=@@SQL_MODE, SQL_MODE='NO_AUTO_VALUE_ON_ZERO' */;
/*!40111 SET @OLD_SQL_NOTES=@@SQL_NOTES, SQL_NOTES=0 */;

--
-- Table structure for table `habilidade`
--

DROP TABLE IF EXISTS `habilidade`;
/*!40101 SET @saved_cs_client     = @@character_set_client */;
/*!50503 SET character_set_client = utf8mb4 */;
CREATE TABLE `habilidade` (
  `ID_HABILIDADE` int NOT NULL AUTO_INCREMENT,
  `NOME_HABILIDADE` varchar(45) DEFAULT '-',
  `DESCRICAO_HABILIDADE` varchar(200) DEFAULT '-',
  PRIMARY KEY (`ID_HABILIDADE`)
) ENGINE=InnoDB AUTO_INCREMENT=77 DEFAULT CHARSET=utf8mb4 COLLATE=utf8mb4_0900_ai_ci;
/*!40101 SET character_set_client = @saved_cs_client */;

--
-- Dumping data for table `habilidade`
--

LOCK TABLES `habilidade` WRITE;
/*!40000 ALTER TABLE `habilidade` DISABLE KEYS */;
INSERT INTO `habilidade` VALUES (1,'Clear Body','Impede que outros Pokémon diminuam seus stats.'),(2,'Blaze','Aumenta o poder dos movimentos do tipo Fogo em situações críticas.'),(3,'Overgrow','Aumenta o poder dos movimentos do tipo Grama em situações críticas.'),(4,'Torrent','Aumenta o poder dos movimentos do tipo Água em situações críticas.'),(5,'Vital Spirit','Impede que o Pokémon entre em sono.'),(6,'Color Change','Altera o tipo do Pokémon para o do movimento do oponente.'),(7,'Natural Cure','Todos os problemas de status: Queimadura, Paralisia, Sono, Congelamento, Veneno são curados quando o Pokémon é trocado.'),(8,'Filter','Reduz o dano de ataques super efetivos.'),(9,'Iron Cutter',''),(10,'Levitate','Flutuando no ar, o Pokémon recebe imunidade total a todos os movimentos do tipo Terra.'),(11,'Flame Body','Contato com o Pokémon pode queimar o atacante.'),(12,'Intimidate','Diminui o Ataque do oponente.'),(13,'Tinted Lens','Aumenta o poder dos movimentos \"não muito efetivos\".'),(14,'Water Absorb','Restaura HP se atingido por um movimento do tipo Água.'),(15,'Rain Dish','O Pokémon gradualmente recupera HP na chuva.'),(16,'Swift Swim','Aumenta a Velocidade do Pokémon na chuva.'),(17,'Sticky Hold','Protege o Pokémon de roubo de itens.'),(18,'Sand Veil','Aumenta a evasão do Pokémon em uma tempestade de areia.'),(19,'Focus','Aumenta o poder dos movimentos mais fracos do Pokémon.'),(20,'Run Away','Permite uma fuga certa de Pokémon selvagens.'),(21,'Swarm','Aumenta o poder dos movimentos do tipo Inseto em situações críticas.'),(22,'Soundproof','Dá imunidade total a todos os movimentos baseados em som.'),(23,'East Fighting',''),(24,'Keen Eye','Impede que outros Pokémon diminuam a precisão.'),(25,'Shed Skin','O Pokémon pode curar seus próprios problemas de status.'),(26,'Pressure','O Pokémon aumenta o uso de PP do oponente.'),(27,'Sand Veil','Aumenta a evasão do Pokémon em uma tempestade de areia.'),(28,'Spirit Guard','Aumenta a Defesa do Pokémon em uma tempestade de areia.'),(29,'Foul Play',''),(30,'Hydration','Cura problemas de status se estiver chovendo.'),(31,'Focus','Aumenta o poder dos movimentos mais fracos do Pokémon.'),(32,'Hardened',''),(33,'Inner Focus','O Pokémon não pode ser feito recuar.'),(34,'Gust',''),(35,'Steely Spirit',''),(36,'Psychic Power',''),(37,'Magnet Pull','Impede que Pokémon do tipo Aço escapem.'),(38,'Rain Dish','O Pokémon gradualmente recupera HP na chuva.'),(39,'Levitate','Flutuando no ar, o Pokémon recebe imunidade total a todos os movimentos do tipo Terra.'),(40,'Voracious Heat',''),(41,'Blackout',''),(42,'East Attack',''),(43,'Levitate','Flutuando no ar, o Pokémon recebe imunidade total a todos os movimentos do tipo Terra.'),(44,'Hardened',''),(45,'Pressure','O Pokémon aumenta o uso de PP do oponente.'),(46,'Intimidate','Diminui o Ataque do oponente.'),(47,'Natural Cure','Todos os problemas de status: Queimadura, Paralisia, Sono, Congelamento, Veneno são curados quando o Pokémon é trocado.'),(48,'Insomnia','Impede que o Pokémon entre em sono.'),(49,'Hardened',''),(50,'Steely Spirit',''),(51,'Intimidate','Diminui o Ataque do oponente.'),(52,'Hardened',''),(53,'Flame Body','Contato com o Pokémon pode queimar o atacante.'),(54,'Water Body','Restaura HP se atingido por um movimento do tipo Água.'),(55,'Magnet Pull','Impede que Pokémon do tipo Aço escapem.'),(56,'Overgrow','Aumenta o poder dos movimentos do tipo Grama em situações críticas.'),(57,'Swift Swim','Aumenta a Velocidade do Pokémon na chuva.'),(58,'Blackout',''),(59,'Ice Body','O Pokémon gradualmente recupera HP em uma tempestade de granizo.'),(60,'Natural Cure','Todos os problemas de status: Queimadura, Paralisia, Sono, Congelamento, Veneno são curados quando o Pokémon é trocado.'),(61,'Filter','Reduz o dano de ataques super efetivos.'),(62,'Natural Cure','Todos os problemas de status: Queimadura, Paralisia, Sono, Congelamento, Veneno são curados quando o Pokémon é trocado.'),(63,'Hardened',''),(64,'Water Body','Restaura HP se atingido por um movimento do tipo Água.'),(65,'Overgrow','Aumenta o poder dos movimentos do tipo Grama em situações críticas.'),(66,'Spirit Guard','Aumenta a Defesa do Pokémon em uma tempestade de areia.'),(67,'Hardened',''),(68,'Magnet Pull','Impede que Pokémon do tipo Aço escapem.'),(69,'Iron Skin',''),(70,'Sand Skin',''),(71,'Pressure','O Pokémon aumenta o uso de PP do oponente.'),(72,'Run Away','Permite uma fuga certa de Pokémon selvagens.'),(73,'Deep Sleep','Impede que o Pokémon entre em sono.'),(74,'Natural Cure','Todos os problemas de status: Queimadura, Paralisia, Sono, Congelamento, Veneno são curados quando o Pokémon é trocado.'),(75,'Pressure','O Pokémon aumenta o uso de PP do oponente.'),(76,'Flame Body','Contato com o Pokémon pode queimar o atacante.');
/*!40000 ALTER TABLE `habilidade` ENABLE KEYS */;
UNLOCK TABLES;

--
-- Table structure for table `movimento`
--

DROP TABLE IF EXISTS `movimento`;
/*!40101 SET @saved_cs_client     = @@character_set_client */;
/*!50503 SET character_set_client = utf8mb4 */;
CREATE TABLE `movimento` (
  `ID_MOVIMENTO` int NOT NULL AUTO_INCREMENT,
  `NOME_MOVIMENTO` varchar(45) DEFAULT '-',
  `DESCRICAO_MOVIMENTO` varchar(200) DEFAULT '-',
  `PODER_MOVIMENTO` int DEFAULT '0',
  `PRECISAO_MOVIMENTO` int DEFAULT '0',
  `CATEGORIA_MOVIMENTO` varchar(45) DEFAULT NULL,
  `ID_FK_TIPO_MOVIMENTO` int DEFAULT NULL,
  `ID_TIPO_MOVIMENTO_TEXTO` varchar(45) DEFAULT NULL,
  PRIMARY KEY (`ID_MOVIMENTO`),
  KEY `ID_FK_TIPO_MOVIMENTO` (`ID_FK_TIPO_MOVIMENTO`),
  CONSTRAINT `movimento_ibfk_1` FOREIGN KEY (`ID_FK_TIPO_MOVIMENTO`) REFERENCES `tipo` (`ID_TIPO`)
) ENGINE=InnoDB AUTO_INCREMENT=141 DEFAULT CHARSET=utf8mb4 COLLATE=utf8mb4_0900_ai_ci;
/*!40101 SET character_set_client = @saved_cs_client */;

--
-- Dumping data for table `movimento`
--

LOCK TABLES `movimento` WRITE;
/*!40000 ALTER TABLE `movimento` DISABLE KEYS */;
INSERT INTO `movimento` VALUES (1,'Leech Seed','Uma semente é plantada no alvo. Ela rouba um pouco da saúde do alvo a cada turno.',NULL,90,'Status',2,'Grass'),(2,'Vine Whip','Golpe com cipós ou vinhas. Um ataque físico que pode acertar oponentes adjacentes.',45,100,'Físico',2,'Grass'),(3,'Stomp','Pisa no alvo com um pé poderoso. Pode fazer o alvo flinchar.',65,100,'Físico',1,'Normal'),(4,'Stomp','Um poderoso ataque de pisão.',65,100,'Físico',1,'Normal'),(5,'Double Kick','Ataque de dois chutes rápidos.',30,100,'Físico',1,'Normal'),(6,'Mega Kick','Um poderoso chute de corpo inteiro.',120,75,'Físico',1,'Normal'),(7,'Jump Kick','O usuário salta para realizar um chute.',100,95,'Físico',1,'Normal'),(8,'Rolling Kick','Ataque de chute giratório.',60,85,'Físico',1,'Normal'),(9,'Headbutt','Ataque de cabeçada.',70,100,'Físico',1,'Normal'),(10,'Horn Attack','Ataque com um chifre duro.',65,100,'Físico',1,'Normal'),(11,'Fury Attack','Ataque múltiplo de chifres ou garras.',15,85,'Físico',1,'Normal'),(12,'Horn Drill','Ataque que perfura o alvo com um chifre.',NULL,30,'Físico',1,'Normal'),(13,'Tackle','Um ataque físico simples onde o usuário ataca o alvo com força total.',40,100,'Físico',1,'Normal'),(14,'Body Slam','Ataque de corpo inteiro.',85,100,'Físico',1,'Normal'),(15,'Wrap','Envolve o alvo em uma longa tentativa.',15,90,'Físico',1,'Normal'),(16,'Take Down','Um ataque físico no qual o usuário se atira no alvo.',90,85,'Físico',1,'Normal'),(17,'Thrash','Ataque frenético que dura de 2 a 3 turnos.',120,100,'Físico',1,'Normal'),(18,'Double-Edge','Ataque que também machuca o usuário.',120,100,'Físico',1,'Normal'),(19,'Tail Whip','O usuário balança a cauda para diminuir a Defesa do alvo.',NULL,100,'Status',1,'Normal'),(20,'Leer','O usuário emite um olhar fixo para reduzir a Defesa do alvo.',NULL,100,'Status',1,'Normal'),(21,'Bite','Ataque com mordida.',60,100,'Físico',1,'Normal'),(22,'Growl','O usuário emite um rugido assustador para abaixar o ataque do alvo.',NULL,100,'Status',1,'Normal'),(23,'Roar','Faz com que Pokémon selvagens recuem.',NULL,100,'Status',1,'Normal'),(24,'Sing','Canta uma canção que faz o alvo adormecer.',NULL,55,'Status',1,'Normal'),(25,'Supersonic','Emite uma onda sonora horrível que confunde o alvo.',NULL,55,'Status',1,'Normal'),(26,'Sonic Boom','Sempre causa 20 HP de dano.',NULL,90,'Special',1,'Normal'),(27,'Disable','Desativa o último movimento usado pelo alvo.',NULL,100,'Status',1,'Normal'),(28,'Acid','Ataque com ácido.',40,100,'Special',8,'Poison'),(29,'Ember','Ataque com pequenas chamas.',40,100,'Special',3,'Fire'),(30,'Flamethrower','Ataque com chamas ardentes.',90,100,'Special',3,'Fire'),(31,'Mist','Cria uma névoa que protege contra alterações de status.',NULL,NULL,'Status',3,'Fire'),(32,'Water Gun','Ataque com jato de água.',40,100,'Special',4,'Water'),(33,'Hydro Pump','Um jato poderoso de água é disparado contra o alvo.',110,80,'Special',4,'Water'),(34,'Surf','Ataque com uma onda gigante.',90,100,'Special',4,'Water'),(35,'Ice Beam','Ataque com raio de gelo.',90,100,'Special',6,'Ice'),(36,'Blizzard','Causa uma tempestade de gelo.',110,70,'Special',6,'Ice'),(37,'Psybeam','Ataque com raio psíquico.',65,100,'Special',11,'Psychic'),(38,'Bubble Beam','Ataque com bolhas de água.',65,100,'Special',4,'Water'),(39,'Aurora Beam','Ataque com um raio de luz brilhante.',65,100,'Special',6,'Ice'),(40,'Hyper Beam','Ataque poderoso que requer um turno de descanso.',150,90,'Special',1,'Normal'),(41,'Peck','Ataque com bicada.',35,100,'Físico',10,'Flying'),(42,'Drill Peck','Ataque com bicada giratória.',80,100,'Físico',10,'Flying'),(43,'Submission','O usuário se lança contra o alvo com tudo.',80,80,'Físico',7,'Fighting'),(44,'Low Kick','Ataque que o usuário usa para derrubar o alvo.',NULL,100,'Físico',7,'Fighting'),(45,'Counter','Revida com o mesmo tipo de movimento.',NULL,100,'Físico',7,'Fighting'),(46,'Seismic Toss','Ataque em que o usuário lança o alvo para o chão.',NULL,100,'Físico',7,'Fighting'),(47,'Strength','Ataque com muita força.',80,100,'Físico',1,'Normal'),(48,'Absorb','Ataque que absorve HP do alvo.',20,100,'Special',2,'Grass'),(49,'Mega Drain','Ataque que absorve HP do alvo.',40,100,'Special',2,'Grass'),(50,'Leech Seed','Uma semente é plantada no alvo. Ela rouba um pouco da saúde do alvo a cada turno.',NULL,90,'Status',2,'Grass'),(51,'Growth','O usuário cresce, aumentando seus status de ataque e defesa.',NULL,NULL,'Status',2,'Grass'),(52,'Razor Leaf','Atira folhas afiadas como navalhas para atacar o alvo.',55,95,'Físico',2,'Grass'),(53,'Solar Beam','O usuário absorve luz solar e a libera em um raio.',120,100,'Special',2,'Grass'),(54,'Poison Powder','Espalha pó venenoso que causa envenenamento no alvo.',NULL,75,'Status',2,'Grass'),(55,'Stun Spore','Espalha esporos paralisantes.',NULL,75,'Status',2,'Grass'),(56,'Sleep Powder','Espalha pó que induz o sono no alvo.',NULL,75,'Status',2,'Grass'),(57,'Petal Dance','Ataca com uma dança encantadora, mas o usuário fica confuso depois.',120,100,'Special',2,'Grass'),(58,'String Shot','Dispara teias que diminuem a Velocidade do alvo.',NULL,95,'Status',12,'Bug'),(59,'Dragon Rage','Sempre causa 40 HP de dano.',NULL,100,'Special',15,'Dragon'),(60,'Fire Spin','Envolve o alvo em chamas por alguns turnos.',35,85,'Special',3,'Fire'),(61,'ThunderShock','Um pequeno choque elétrico que pode causar paralisia.',40,100,'Special',5,'Electric'),(62,'Thunder Wave','Um ataque elétrico que paralisa o alvo.',NULL,90,'Status',5,'Electric'),(63,'Thunder','Ataque elétrico poderoso que pode causar paralisia.',110,70,'Special',5,'Electric'),(64,'Rock Throw','Lança pedras em direção ao alvo.',50,90,'Physical',13,'Rock'),(65,'Earthquake','Provoca um terremoto poderoso.',100,100,'Physical',9,'Ground'),(66,'Fissure','Ataque que derruba o alvo em uma fissura.',NULL,30,'Physical',9,'Ground'),(67,'Dig','O usuário cava embaixo da terra para atacar no próximo turno.',80,100,'Physical',9,'Ground'),(68,'Toxic','Envenena gravemente o alvo.',NULL,90,'Status',8,'Poison'),(69,'Confusion','Ataque psíquico que pode confundir o alvo.',50,100,'Special',11,'Psychic'),(70,'Psychic','Ataque psíquico poderoso que pode reduzir a defesa especial do alvo.',90,100,'Special',11,'Psychic'),(71,'Hypnosis','Coloca o alvo para dormir.',NULL,60,'Status',11,'Psychic'),(72,'Meditate','Aumenta o ataque do usuário.',NULL,NULL,'Status',11,'Psychic'),(73,'Agility','Aumenta a velocidade do usuário.',NULL,NULL,'Status',11,'Psychic'),(74,'Quick Attack','Ataque rápido que geralmente atinge primeiro.',40,100,'Physical',1,'Normal'),(75,'Rage','Aumenta o poder de ataque do usuário cada vez que é atingido.',20,100,'Physical',1,'Normal'),(76,'Teleport','Faz o usuário fugir de uma batalha selvagem ou de uma batalha contra um treinador.',NULL,NULL,'Status',11,'Psychic'),(77,'Night Shade','Ataque fantasma que sempre causa dano igual ao nível do usuário.',NULL,100,'Special',14,'Ghost'),(78,'Mimic','Copia o último movimento do alvo.',NULL,NULL,'Status',1,'Normal'),(79,'Screech','Ataque que reduz drasticamente a defesa do alvo.',NULL,85,'Status',1,'Normal'),(80,'Double Team','Cria cópias de si mesmo para aumentar a evasão.',NULL,NULL,'Status',1,'Normal'),(81,'Recover','Restaura parte da saúde do usuário.',NULL,NULL,'Status',1,'Normal'),(82,'Harden','Aumenta a defesa do usuário.',NULL,NULL,'Status',1,'Normal'),(83,'Minimize','Reduz drasticamente o tamanho do usuário para evitar ataques.',NULL,NULL,'Status',1,'Normal'),(84,'Smokescreen','Cria uma nuvem de fumaça que reduz a precisão.',NULL,100,'Status',1,'Normal'),(85,'Confuse Ray','Ataque que confunde o alvo.',NULL,100,'Status',14,'Ghost'),(86,'Withdraw','O usuário recua dentro de sua concha para aumentar a defesa.',NULL,NULL,'Status',4,'Water'),(87,'Defense Curl','Aumenta a defesa do usuário e pode aumentar o poder de alguns movimentos.',NULL,NULL,'Status',1,'Normal'),(88,'Barrier','Cria uma barreira que aumenta a defesa especial.',NULL,NULL,'Status',11,'Psychic'),(89,'Light Screen','Cria uma tela de luz que reduz o dano de ataques especiais.',NULL,NULL,'Status',11,'Psychic'),(90,'Haze','Elimina todas as alterações de status.',NULL,NULL,'Status',11,'Psychic'),(91,'Reflect','Cria uma barreira que reduz o dano de ataques físicos.',NULL,NULL,'Status',11,'Psychic'),(92,'Focus Energy','Aumenta a chance de golpes críticos.',NULL,NULL,'Status',1,'Normal'),(93,'Bide','O usuário espera dois turnos e então ataca o alvo com o dobro do dano sofrido durante esse período.',NULL,NULL,'Status',1,'Normal'),(94,'Metronome','O usuário executa um movimento aleatório.',NULL,NULL,'Status',1,'Normal'),(95,'Mirror Move','O usuário executa o último movimento usado pelo alvo.',NULL,NULL,'Status',1,'Normal'),(96,'Self-Destruct','O usuário explode, causando grande dano, mas também se nocauteando.',200,100,'Physical',1,'Normal'),(97,'Egg Bomb','O usuário atira ovos explosivos no alvo.',100,75,'Physical',1,'Normal'),(98,'Lick','O usuário lambe o alvo com uma língua pegajosa.',30,100,'Physical',14,'Ghost'),(99,'Smog','Cria uma nuvem de fumaça venenosa.',30,70,'Special',8,'Poison'),(100,'Sludge','Ataque com lama tóxica.',65,100,'Special',8,'Poison'),(101,'Bone Club','Ataque com osso.',65,85,'Physical',13,'Rock'),(102,'Fire Blast','Ataque com chamas ardentes.',110,85,'Special',3,'Fire'),(103,'Waterfall','Ataque com uma cascata de água.',80,100,'Physical',4,'Water'),(104,'Clamp','Prende o alvo com mandíbulas ou tentáculos.',35,85,'Physical',4,'Water'),(105,'Swift','Ataque que nunca erra.',60,NULL,'Special',1,'Normal'),(106,'Skull Bash','Primeiro turno protege o usuário, segundo turno ataca.',130,100,'Physical',1,'Normal'),(107,'Spike Cannon','Atira espinhos no alvo.',20,100,'Physical',1,'Normal'),(108,'Constrict','Constringe o alvo para causar dano.',10,100,'Physical',12,'Bug'),(109,'Amnesia','O usuário esquece preocupações e aumenta a defesa especial.',NULL,NULL,'Status',11,'Psychic'),(110,'Kinesis','Dobra colheres, chaves, etc.',NULL,80,'Status',11,'Psychic'),(111,'Soft-Boiled','Restaura parte da saúde do usuário.',NULL,NULL,'Status',1,'Normal'),(112,'Hi Jump Kick','Um poderoso chute de corpo inteiro que falha se errar.',130,90,'Physical',7,'Fighting'),(113,'Glare','O usuário ameaça e faz contato visual. Isso pode paralisar.',NULL,100,'Status',1,'Normal'),(114,'Dream Eater','Ataque que só funciona em alvos dormindo. O usuário recupera metade do HP drenado.',100,100,'Special',11,'Psychic'),(115,'Poison Gas','Espalha um gás venenoso.',NULL,90,'Status',8,'Poison'),(116,'Barrage','Ataca o alvo continuamente com ovos, sementes, etc.',15,85,'Physical',2,'Grass'),(117,'Leech Life','Ataque que drena HP do alvo.',80,100,'Physical',12,'Bug'),(118,'Lovely Kiss','Beijo que faz o alvo dormir.',NULL,75,'Status',1,'Normal'),(119,'Sky Attack','Um poderoso ataque carregado por um turno.',140,90,'Physical',10,'Flying'),(120,'Transform','Transforma o usuário no alvo.',NULL,NULL,'Status',1,'Normal'),(121,'Bubble','Ataque com bolhas de água.',40,100,'Special',4,'Water'),(122,'Dizzy Punch','Um soco que pode deixar o alvo confuso.',70,100,'Physical',1,'Normal'),(123,'Spore','Ataque que coloca o alvo para dormir.',NULL,100,'Status',2,'Grass'),(124,'Flash','Cega o alvo, reduzindo drasticamente sua precisão.',NULL,70,'Status',1,'Normal'),(125,'Psywave','Ataque psíquico com poder variável.',NULL,80,'Special',11,'Psychic'),(126,'Splash','Não causa nenhum dano.',NULL,NULL,'Status',1,'Normal'),(127,'Acid Armor','Aumenta drasticamente a defesa do usuário.',NULL,NULL,'Status',8,'Poison'),(128,'Crabhammer','Ataque com martelo ou garra de caranguejo.',100,90,'Physical',4,'Water'),(129,'Explosion','O usuário explode, causando grande dano, mas também se nocauteando.',250,100,'Physical',1,'Normal'),(130,'Fury Swipes','Ataca de 2 a 5 vezes consecutivas.',18,80,'Physical',1,'Normal'),(131,'Bonemerang','Atira o osso duas vezes.',50,90,'Physical',13,'Rock'),(132,'Rest','O usuário adormece por 2 turnos e restaura todo o HP.',NULL,NULL,'Status',1,'Normal'),(133,'Rock Slide','Lança pedras em direção ao alvo.',75,90,'Physical',13,'Rock'),(134,'Hyper Fang','Ataque com mordida poderosa que pode causar flinch.',80,90,'Physical',1,'Normal'),(135,'Sharpen','Aumenta drasticamente o ataque do usuário.',NULL,NULL,'Status',1,'Normal'),(136,'Conversion','Altera o tipo do usuário para se tornar imune ao último movimento do alvo.',NULL,NULL,'Status',1,'Normal'),(137,'Tri Attack','Ataque com efeitos variáveis.',80,100,'Special',1,'Normal'),(138,'Super Fang','Ataque que retira metade dos pontos de vida do alvo.',NULL,90,'Physical',1,'Normal'),(139,'Slash','Ataque cortante com alta chance de golpe crítico.',70,100,'Physical',1,'Normal'),(140,'Substitute','O usuário cria uma cópia de si mesmo para evitar danos.',NULL,NULL,'Status',1,'Normal');
/*!40000 ALTER TABLE `movimento` ENABLE KEYS */;
UNLOCK TABLES;

--
-- Table structure for table `pokemon`
--

DROP TABLE IF EXISTS `pokemon`;
/*!40101 SET @saved_cs_client     = @@character_set_client */;
/*!50503 SET character_set_client = utf8mb4 */;
CREATE TABLE `pokemon` (
  `ID_POKEMON` int NOT NULL,
  `NOME_POKEMON` varchar(45) DEFAULT NULL,
  `LINHA_EVOLUTIVA_POKEMON` varchar(200) DEFAULT NULL,
  `ALTURA_POKEMON` float DEFAULT NULL,
  `PESO_POKEMOPN` float DEFAULT NULL,
  `DESCRICAO_POKEMON` varchar(200) DEFAULT NULL,
  `NIVEL_EVOLUCAO` int DEFAULT NULL,
  `ROTA_DE_ENCONTRO` varchar(200) DEFAULT NULL,
  `TIPO_PRIMARIO_POKEMON_TEXT` varchar(45) DEFAULT NULL,
  `TIPO_SECUNDARIO_POKEMON_TEXT` varchar(45) DEFAULT NULL,
  `HABILIDADE_POKEMON_TEXT` varchar(45) DEFAULT NULL,
  `ID_FK_TIPO_PRIMARIO` int DEFAULT NULL,
  `ID_FK_TIPO_SECUNDARIO` int DEFAULT NULL,
  `ID_FK_MOVIMENTOS` int DEFAULT NULL,
  `ID_FK_HABILIDADES` int DEFAULT NULL,
  `STATUS_GERAL_POKEMON` int DEFAULT NULL,
  `STATUS_ATQ` int DEFAULT NULL,
  `STATUS_DEF` int DEFAULT NULL,
  `STATUS_HP` int DEFAULT NULL,
  PRIMARY KEY (`ID_POKEMON`),
  KEY `ID_FK_TIPO_PRIMARIO` (`ID_FK_TIPO_PRIMARIO`),
  KEY `ID_FK_TIPO_SECUNDARIO` (`ID_FK_TIPO_SECUNDARIO`),
  KEY `ID_FK_MOVIMENTOS` (`ID_FK_MOVIMENTOS`),
  KEY `ID_FK_HABILIDADES` (`ID_FK_HABILIDADES`),
  CONSTRAINT `pokemon_ibfk_1` FOREIGN KEY (`ID_FK_TIPO_PRIMARIO`) REFERENCES `tipo` (`ID_TIPO`),
  CONSTRAINT `pokemon_ibfk_2` FOREIGN KEY (`ID_FK_TIPO_SECUNDARIO`) REFERENCES `tipo` (`ID_TIPO`),
  CONSTRAINT `pokemon_ibfk_3` FOREIGN KEY (`ID_FK_MOVIMENTOS`) REFERENCES `movimento` (`ID_MOVIMENTO`),
  CONSTRAINT `pokemon_ibfk_4` FOREIGN KEY (`ID_FK_HABILIDADES`) REFERENCES `habilidade` (`ID_HABILIDADE`)
) ENGINE=InnoDB DEFAULT CHARSET=utf8mb4 COLLATE=utf8mb4_0900_ai_ci;
/*!40101 SET character_set_client = @saved_cs_client */;

--
-- Dumping data for table `pokemon`
--

LOCK TABLES `pokemon` WRITE;
/*!40000 ALTER TABLE `pokemon` DISABLE KEYS */;
INSERT INTO `pokemon` VALUES (1,'Bulbasaur','Bulbasaur -> Ivysaur -> Venusaur',0.7,6.9,'Uma estranha semente foi plantada nas costas ao nascer. A planta brota e cresce com este Pokémon.',16,'Rota 1','Grass','Poison','Overgrow',2,8,1,1,318,49,49,45),(2,'Ivysaur','Bulbasaur -> Ivysaur -> Venusaur',1,13,'Quando o bulbo em suas costas cresce grande, parece perder a capacidade de ficar sobre as patas traseiras.',32,'Rota 2','Grass','Poison','Overgrow',2,8,2,1,405,62,63,60),(3,'Venusaur','Bulbasaur -> Ivysaur -> Venusaur',2,100,'A planta floresce quando está absorvendo energia solar. Ele permanece em movimento para buscar a luz do sol.',0,'Rota 3','Grass','Poison','Overgrow',2,8,3,1,525,82,83,80),(4,'Charmander','Charmander -> Charmeleon -> Charizard',0.6,8.5,'Obviamente prefere lugares quentes. Quando chove, diz-se que vapor sai da ponta de sua cauda.',16,'Rota 4','Fire',NULL,'Blaze',3,NULL,4,2,309,52,43,39),(5,'Charmeleon','Charmander -> Charmeleon -> Charizard',1.1,19,'Quando balança sua cauda em chamas, ele eleva a temperatura a níveis insuportavelmente altos.',36,'Rota 5','Fire',NULL,'Blaze',3,NULL,5,2,405,64,58,58),(6,'Charizard','Charmander -> Charmeleon -> Charizard',1.7,90.5,'Cospe fogo que é quente o suficiente para derreter pedras. Conhecido por causar incêndios florestais acidentalmente.',0,'Rota 6','Fire','Flying','Blaze',3,10,6,2,534,84,78,78),(7,'Squirtle','Squirtle -> Wartortle -> Blastoise',0.5,9,'Após o nascimento, suas costas incham e endurecem em uma carapaça. Pulveriza espuma poderosamente de sua boca.',16,'Rota 7','Water',NULL,'Torrent',4,NULL,7,3,314,48,65,44),(8,'Wartortle','Squirtle -> Wartortle -> Blastoise',1,22.5,'Freqüentemente se esconde na água para perseguir presas desavisadas. Para nadar rapidamente, move suas orelhas para manter o equilíbrio.',36,'Rota 8','Water',NULL,'Torrent',4,NULL,8,3,405,63,80,59),(9,'Blastoise','Squirtle -> Wartortle -> Blastoise',1.6,85.5,'Um Pokémon brutal com jatos de água pressurizada em sua carapaça. Eles são usados para tackles em alta velocidade.',0,'Rota 9','Water',NULL,'Torrent',4,NULL,9,3,530,83,100,79),(10,'Caterpie','Caterpie -> Metapod -> Butterfree',0.3,2.9,'Seus pés curtos têm almofadas de sucção que lhe permitem escalar incansavelmente encostas e paredes.',7,'Rota 10','Bug',NULL,'Shield Dust',12,NULL,10,4,195,30,35,45),(11,'Metapod','Caterpie -> Metapod -> Butterfree',0.7,9.9,'Este Pokémon é vulnerável a ataques enquanto sua carapaça está mole, expondo seu corpo fraco e macio.',10,'Rota 11','Bug',NULL,'Shed Skin',12,NULL,11,4,205,20,55,50),(12,'Butterfree','Caterpie -> Metapod -> Butterfree',1.1,32,'Em batalha, bate suas asas a grande velocidade para liberar poeira altamente tóxica no ar.',0,'Rota 12','Bug','Flying','Compound Eyes',12,10,12,4,395,45,50,60),(13,'Weedle','Weedle -> Kakuna -> Beedrill',0.3,3.2,'Freqüentemente encontrado em florestas, comendo folhas. Tem um ferrão venenoso afiado na cabeça.',7,'Rota 13','Bug','Poison','Shield Dust',12,8,13,4,195,35,30,40),(14,'Kakuna','Weedle -> Kakuna -> Beedrill',0.6,10,'Quase incapaz de se mover, este Pokémon só pode endurecer sua carapaça para se proteger dos predadores.',10,'Rota 14','Bug','Poison','Shed Skin',12,8,14,4,205,25,50,45),(15,'Beedrill','Weedle -> Kakuna -> Beedrill',1,29.5,'Voa a alta velocidade e ataca usando seus grandes ferrões venenosos em suas patas dianteiras e cauda.',0,'Rota 15','Bug','Poison','Swarm',12,8,15,4,395,90,40,65),(16,'Pidgey','Pidgey -> Pidgeotto -> Pidgeot',0.3,1.8,'Uma visão comum em florestas e bosques. Bate suas asas ao nível do solo para levantar areia cegante.',18,'Rota 16','Normal','Flying','Keen Eye',1,10,16,4,251,45,40,40),(17,'Pidgeotto','Pidgey -> Pidgeotto -> Pidgeot',1.1,30,'Muito protetor de sua vasta área territorial, este Pokémon bicará ferozmente qualquer intruso.',36,'Rota 17','Normal','Flying','Keen Eye',1,10,17,4,349,60,55,63),(18,'Pidgeot','Pidgey -> Pidgeotto -> Pidgeot',1.5,39.5,'Quando caça, desliza sobre a superfície da água em alta velocidade para pegar presas desavisadas como Magikarp.',0,'Rota 18','Normal','Flying','Keen Eye',1,10,18,4,479,80,75,83),(19,'Rattata','Rattata -> Raticate',0.3,3.5,'Morde qualquer coisa quando ataca. Pequeno e muito rápido, é uma visão comum em muitos lugares.',20,'Rota 19','Normal',NULL,'Run Away',1,NULL,19,5,253,56,35,30),(20,'Raticate','Rattata -> Raticate',0.7,18.5,'Suas presas crescem constantemente, então deve roer coisas duras para mantê-las desgastadas.',0,'Rota 20','Normal',NULL,'Run Away',1,NULL,20,5,413,81,60,55),(21,'Spearow','Spearow -> Fearow',0.3,2,'Incapaz de voar alto. No entanto, pode voar muito rápido para proteger seu território.',20,'Rota 21','Normal','Flying','Keen Eye',1,10,21,5,262,60,30,40),(22,'Fearow','Spearow -> Fearow',1.2,38,'Com suas enormes e magníficas asas, pode manter-se no ar sem nunca ter que pousar para descansar.',0,'Rota 22','Normal','Flying','Keen Eye',1,10,22,5,442,90,65,65),(23,'Ekans','Ekans -> Arbok',2,6.9,'Move-se silenciosa e furtivamente. Come os ovos de pássaros, como Pidgey e Spearow, inteiros.',22,'Rota 23','Poison',NULL,'Intimidate',8,NULL,23,6,288,60,44,35),(24,'Arbok','Ekans -> Arbok',3.5,65,'Diz-se que as ferozes marcas de aviso em sua barriga diferem de uma área para outra.',0,'Rota 24','Poison',NULL,'Intimidate',8,NULL,24,6,438,85,69,60),(25,'Pikachu','Pichu -> Pikachu -> Raichu',0.4,6,'Quando vários desses Pokémon se reúnem, sua eletricidade pode se acumular e causar tempestades.',22,'Rota 25','Electric',NULL,'Static',5,NULL,25,7,320,55,40,35),(26,'Raichu','Pichu -> Pikachu -> Raichu',0.8,30,'Seu longo rabo age como um pára-raios para proteger de se ser atingido por seu próprio raio.',0,'Rota 26','Electric',NULL,'Static',5,NULL,26,7,485,90,55,60),(27,'Sandshrew','Sandshrew -> Sandslash',0.6,12,'Enterra-se profundamente no chão para se manter fresco. Usa a umidade armazenada em sua barriga para se manter hidratado.',22,'Rota 27','Ground',NULL,'Sand Veil',9,NULL,27,8,300,75,85,50),(28,'Sandslash','Sandshrew -> Sandslash',1,29.5,'Curls up em uma bola para se proteger. As agulhas em suas costas secretam um veneno quando quebradas.',0,'Rota 28','Ground',NULL,'Sand Veil',9,NULL,28,8,450,100,110,75),(29,'Nidoran♀','Nidoran♀ -> Nidorina -> Nidoqueen',0.4,7,'Seu veneno é tão poderoso que até mesmo uma única gota pode ser fatal para um inimigo.',16,'Rota 29','Poison',NULL,'Poison Point',8,NULL,29,9,275,47,52,55),(30,'Nidorina','Nidoran♀ -> Nidorina -> Nidoqueen',0.8,20,'Normalmente amigável e dócil, este Pokémon se torna extremamente agressivo quando se sente ameaçado.',32,'Rota 30','Poison',NULL,'Poison Point',8,NULL,30,9,365,62,67,70),(31,'Nidoqueen','Nidoran♀ -> Nidorina -> Nidoqueen',1.3,60,'Tem um corpo blindado extremamente duro. Pode facilmente destruir até mesmo rochas com um simples golpe.',0,'Rota 31','Poison','Ground','Poison Point',8,9,31,9,505,92,87,90),(32,'Nidoran♂','Nidoran♂ -> Nidorino -> Nidoking',0.5,9,'Tem uma grande orelha que pode detectar sons muito distantes. Tem uma pele dura como ferro.',16,'Rota 32','Poison',NULL,'Poison Point',8,NULL,32,9,273,57,40,46),(33,'Nidorino','Nidoran♂ -> Nidorino -> Nidoking',0.9,19.5,'Sua chifre perfura mesmo a mais dura das peles e expele um veneno venenoso.',36,'Rota 33','Poison',NULL,'Poison Point',8,NULL,33,9,365,72,57,61),(34,'Nidoking','Nidoran♂ -> Nidorino -> Nidoking',1.4,62,'Usa sua cauda maciça para derrubar inimigos. É um Pokémon extremamente agressivo e violento.',0,'Rota 34','Poison','Ground','Poison Point',8,9,34,9,505,102,77,81),(35,'Clefairy','Cleffa -> Clefairy -> Clefable',0.6,7.5,'Diz-se que a luz das estrelas alimenta sua energia. Dança em círculos nas noites de lua cheia.',20,'Rota 35','Fairy',NULL,'Cute Charm',18,NULL,35,10,323,45,48,70),(36,'Clefable','Cleffa -> Clefairy -> Clefable',1.3,40,'Com suas grandes e sensíveis orelhas, pode detectar um pino caindo a mais de mil quilômetros de distância.',0,'Rota 36','Fairy',NULL,'Cute Charm',18,NULL,36,10,483,70,73,95),(37,'Vulpix','Vulpix -> Ninetales',0.6,9.9,'Quando nasce, tem apenas uma cauda. A cauda se divide em mais à medida que envelhece.',20,'Rota 37','Fire',NULL,'Flash Fire',3,NULL,37,11,299,41,40,38),(38,'Ninetales','Vulpix -> Ninetales',1.1,19.9,'Diz-se que cada uma de suas nove caudas tem um poder místico. Diz-se que vive mil anos.',0,'Rota 38','Fire',NULL,'Flash Fire',3,NULL,38,11,505,76,75,73),(39,'Jigglypuff','Igglybuff -> Jigglypuff -> Wigglytuff',0.5,5.5,'Quando canta, ele nunca para de respirar enquanto canta. Ele pode causar sonolência em qualquer um que ouça sua canção.',22,'Rota 39','Normal','Fairy','Cute Charm',1,18,39,10,270,45,20,115),(40,'Wigglytuff','Igglybuff -> Jigglypuff -> Wigglytuff',1,12,'Seu corpo é muito macio e flexível. Quando se inflama, pode parecer maior e assustar os inimigos.',0,'Rota 40','Normal','Fairy','Cute Charm',1,18,40,10,435,70,45,140),(41,'Zubat','Zubat -> Golbat -> Crobat',0.8,7.5,'Fica na escuridão de cavernas. Sua audição é aguçada. Ele usa ondas ultra-sônicas para identificar e abordar alvos.',22,'Rota 41','Poison','Flying','Inner Focus',8,10,41,11,245,45,35,40),(42,'Golbat','Zubat -> Golbat -> Crobat',1.6,55,'Ele voa silenciosamente por longas distâncias. Ele usa suas presas afiadas para sugar sangue de seus inimigos.',0,'Rota 42','Poison','Flying','Inner Focus',8,10,42,11,455,80,70,75),(43,'Oddish','Oddish -> Gloom -> Vileplume',0.5,5.4,'Durante o dia, ele enterra-se no chão. À noite, ele vagueia espalhando sementes.',21,'Rota 43','Grass','Poison','Chlorophyll',2,8,43,12,320,50,55,45),(44,'Gloom','Oddish -> Gloom -> Vileplume',0.8,8.6,'O cheiro de seu fluido venenoso deteriorante não é sentido a distâncias consideráveis.',36,'Rota 44','Grass','Poison','Chlorophyll',2,8,44,12,395,65,70,60),(45,'Vileplume','Oddish -> Gloom -> Vileplume',1.2,18.6,'Tem a maior pétala do mundo. Emite uma fragrância insuportavelmente alérgica.',0,'Rota 45','Grass','Poison','Chlorophyll',2,8,45,12,490,80,85,75),(46,'Paras','Paras -> Parasect',0.3,5.4,'Uma planta fúngica cresce nas costas. Seu fungo é conhecido por ter efeitos medicinais.',24,'Rota 46','Bug','Grass','Effect Spore',12,2,46,12,285,70,55,35),(47,'Parasect','Paras -> Parasect',1,29.5,'O fungo em seu corpo se espalhou, substituindo o próprio Pokémon.',0,'Rota 47','Bug','Grass','Effect Spore',12,2,47,12,405,95,80,60),(48,'Venonat','Venonat -> Venomoth',1,30,'Seus olhos grandes não são apenas sensores visuais. Eles também podem emitir raios especiais de luz.',31,'Rota 48','Bug','Poison','Compound Eyes',12,8,48,12,305,55,50,60),(49,'Venomoth','Venonat -> Venomoth',1.5,12.5,'Ele bate suas asas para liberar escamas altamente tóxicas no ar.',0,'Rota 49','Bug','Poison','Shield Dust',12,8,49,12,450,65,60,70),(50,'Diglett','Diglett -> Dugtrio',0.2,0.8,'Vive em tocas subsolo e deixa a terra macia e arável com seus pequenos e íngremes túneis.',26,'Rota 50','Ground',NULL,'Sand Veil',9,NULL,50,12,265,55,25,10),(51,'Dugtrio','Diglett -> Dugtrio',0.7,33.3,'Muitas vezes vivem em ninhos cavados no subsolo.',0,'Rota 51','Ground',NULL,'Sand Veil',9,NULL,51,9,405,80,50,35),(52,'Meowth','Meowth -> Persian',0.4,4.2,'Lendário por seu amor por moedas brilhantes.',28,'Rota 52','Normal',NULL,'Pickup',1,NULL,52,10,290,45,35,40),(53,'Persian','Meowth -> Persian',1,32,'Os pelos de Persian brilham quando está saudável.',0,'Rota 53','Normal',NULL,'Limber',1,NULL,53,10,440,70,60,65),(54,'Psyduck','Psyduck -> Golduck',0.8,19.6,'Psyduck tem constantes dores de cabeça.',33,'Rota 54','Water',NULL,'Damp',4,NULL,54,11,320,52,48,50),(55,'Golduck','Psyduck -> Golduck',1.7,76.6,'Golduck pode nadar de forma especializada em rios e lagos rápidos.',0,'Rota 55','Water',NULL,'Cloud Nine',4,NULL,55,11,500,82,78,80),(56,'Mankey','Mankey -> Primeape',0.5,28,'Mankey torna-se muito furioso quando perde.',28,'Rota 56','Fighting',NULL,'Vital Spirit',7,NULL,56,12,305,80,35,40),(57,'Primeape','Mankey -> Primeape',1,32,'Primeape é conhecido por ser muito agressivo.',0,'Rota 57','Fighting',NULL,'Anger Point',7,NULL,57,12,455,105,60,65),(58,'Growlithe','Growlithe -> Arcanine',0.7,19,'Growlithe é muito fiel ao seu treinador.',0,'Rota 58','Fire',NULL,'Intimidate',3,NULL,58,13,350,70,45,55),(59,'Arcanine','Growlithe -> Arcanine',1.9,155,'Arcanine é conhecido por sua velocidade e lealdade.',0,'Rota 59','Fire',NULL,'Intimidate',3,NULL,59,13,555,110,80,90),(60,'Poliwag','Poliwag -> Poliwhirl -> Poliwrath',0.6,12.4,'Poliwag nada de forma muito natural.',25,'Rota 60','Water',NULL,'Water Absorb',4,NULL,60,14,300,50,40,40),(61,'Poliwhirl','Poliwag -> Poliwhirl -> Poliwrath',1,20,'Poliwhirl tem uma pele elástica que é muito elogiada.',38,'Rota 61','Water',NULL,'Water Absorb',4,NULL,61,14,385,65,65,65),(62,'Poliwrath','Poliwag -> Poliwhirl -> Poliwrath',1.3,54,'Poliwrath é muito forte e musculoso.',0,'Rota 62','Water','Fighting','Water Absorb',4,7,62,14,510,95,95,90),(63,'Abra','Abra -> Kadabra -> Alakazam',0.9,19.5,'Abra é conhecido por seus poderes psíquicos.',16,'Rota 63','Psychic',NULL,'Synchronize',11,NULL,63,15,310,20,15,25),(64,'Kadabra','Abra -> Kadabra -> Alakazam',1.3,56.5,'Kadabra é muito inteligente e possui um QI extraordinário.',36,'Rota 64','Psychic',NULL,'Synchronize',11,NULL,64,15,400,35,30,40),(65,'Alakazam','Abra -> Kadabra -> Alakazam',1.5,48,'Alakazam é capaz de realizar cálculos matemáticos complexos.',0,'Rota 65','Psychic',NULL,'Synchronize',11,NULL,65,15,500,50,45,55),(66,'Machop','Machop -> Machoke -> Machamp',0.8,19.5,'Machop possui uma força imensa e é muito atlético.',28,'Rota 66','Fighting',NULL,'Guts',7,NULL,66,16,305,80,50,35),(67,'Machoke','Machop -> Machoke -> Machamp',1.5,70.5,'Machoke pode levantar cargas extremamente pesadas.',36,'Rota 67','Fighting',NULL,'Guts',7,NULL,67,16,405,100,70,60),(68,'Machamp','Machop -> Machoke -> Machamp',1.6,130,'Machamp é conhecido por sua incrível força e habilidades de luta.',0,'Rota 68','Fighting',NULL,'Guts',7,NULL,68,16,505,130,80,90),(69,'Bellsprout','Bellsprout -> Weepinbell -> Victreebel',0.7,4,'Bellsprout tem uma mordida muito forte.',21,'Rota 69','Grass','Poison','Chlorophyll',2,8,69,17,300,75,35,40),(70,'Weepinbell','Bellsprout -> Weepinbell -> Victreebel',1,6.4,'Weepinbell possui um odor terrível que repele inimigos.',36,'Rota 70','Grass','Poison','Chlorophyll',2,8,70,17,390,90,50,65),(71,'Victreebel','Bellsprout -> Weepinbell -> Victreebel',1.7,15.5,'Victreebel é conhecido por engolir sua presa inteira.',0,'Rota 71','Grass','Poison','Chlorophyll',2,8,71,17,490,105,65,80),(72,'Tentacool','Tentacool -> Tentacruel',0.9,45.5,'Tentacool é capaz de flutuar na superfície da água.',30,'Rota 72','Water','Poison','Clear Body',4,8,72,18,335,40,35,40),(73,'Tentacruel','Tentacool -> Tentacruel',1.6,55,'Tentacruel tem tentáculos venenosos e é capaz de se locomover rapidamente na água.',0,'Rota 73','Water','Poison','Clear Body',4,8,73,18,515,70,65,80),(74,'Geodude','Geodude -> Graveler -> Golem',0.4,20,'Geodude é conhecido por rolar encostas para se mover.',25,'Rota 74','Rock','Ground','Rock Head',13,9,74,19,300,80,100,40),(75,'Graveler','Geodude -> Graveler -> Golem',1,105,'Graveler é conhecido por sua força incrível.',40,'Rota 75','Rock','Ground','Rock Head',13,9,75,19,390,95,115,55),(76,'Golem','Geodude -> Graveler -> Golem',1.4,300,'Golem possui uma defesa incrível e pode rolar montanhas para atacar seus inimigos.',0,'Rota 76','Rock','Ground','Rock Head',13,9,76,19,495,120,130,80),(77,'Ponyta','Ponyta -> Rapidash',1,30,'Ponyta corre livremente pelas pradarias, deixando um rastro de fogo.',40,'Rota 77','Fire',NULL,'Run Away',3,NULL,77,20,410,85,55,50),(78,'Rapidash','Ponyta -> Rapidash',1.7,95,'Rapidash é muito rápido e elegante em sua corrida.',0,'Rota 78','Fire',NULL,'Run Away',3,NULL,78,20,500,100,70,65),(79,'Slowpoke','Slowpoke -> Slowbro',1.2,36,'Slowpoke é muito lento e se comporta de maneira descontraída.',37,'Rota 79','Water','Psychic','Oblivious',4,11,79,21,315,65,65,90),(80,'Slowbro','Slowpoke -> Slowbro',1.6,78.5,'Slowbro é muito calmo e relaxado, mesmo quando atacado.',0,'Rota 80','Water','Psychic','Oblivious',4,11,80,21,490,75,110,95),(81,'Magnemite','Magnemite -> Magneton',0.3,6,'Magnemite flutua pelo ar utilizando magnetismo.',30,'Rota 81','Electric','Steel','Magnet Pull',5,17,81,22,325,35,70,25),(82,'Magneton','Magnemite -> Magneton',1,60,'Magneton é formado pela união de três Magnemites.',0,'Rota 82','Electric','Steel','Magnet Pull',5,17,82,22,465,60,95,50),(83,'Farfetch’d','Farfetch’d',0.8,15,'Farfetch’d é conhecido por sua habilidade de usar um alho-poró como arma.',0,'Rota 83','Normal','Flying','Keen Eye',1,10,83,23,352,65,55,52),(84,'Doduo','Doduo -> Dodrio',1.4,39.2,'Doduo é conhecido por sua incrível velocidade.',31,'Rota 84','Normal','Flying','Run Away',1,10,84,24,310,85,45,35),(85,'Dodrio','Doduo -> Dodrio',1.8,85.2,'Dodrio é capaz de correr a uma velocidade de até 60 mph.',0,'Rota 85','Normal','Flying','Run Away',1,10,85,24,470,110,70,60),(86,'Seel','Seel -> Dewgong',1.1,90,'Seel é um excelente nadador e passa a maior parte de seu tempo na água.',34,'Rota 86','Water',NULL,'Thick Fat',4,NULL,86,25,325,45,55,65),(87,'Dewgong','Seel -> Dewgong',1.7,120,'Dewgong é conhecido por seus cantos bonitos que ecoam sobre o gelo.',0,'Rota 87','Water','Ice','Thick Fat',4,6,87,25,475,70,80,90),(88,'Grimer','Grimer -> Muk',0.9,30,'Grimer se alimenta de resíduos tóxicos e pode poluir o meio ambiente.',38,'Rota 88','Poison',NULL,'Stench',8,NULL,88,26,325,80,50,80),(89,'Muk','Grimer -> Muk',1.2,30,'Muk é altamente tóxico e pode corroer qualquer substância com seu ácido.',0,'Rota 89','Poison',NULL,'Stench',8,NULL,89,26,500,105,75,105),(90,'Shellder','Shellder -> Cloyster',0.3,4,'Shellder se agarra a rochas subaquáticas com sua língua afiada.',30,'Rota 90','Water',NULL,'Shell Armor',4,NULL,90,27,305,65,100,30),(91,'Cloyster','Shellder -> Cloyster',1.5,132.5,'Cloyster possui uma concha extremamente dura e afiada que pode se fechar rapidamente para proteção.',0,'Rota 91','Water','Ice','Shell Armor',4,6,91,27,525,95,180,50),(92,'Gastly','Gastly -> Haunter -> Gengar',1.3,0.1,'Gastly é formado por gás venenoso e pode desaparecer sem deixar vestígios.',25,'Rota 92','Ghost','Poison','Levitate',14,8,92,28,310,35,30,30),(93,'Haunter','Gastly -> Haunter -> Gengar',1.6,0.1,'Haunter gosta de assustar as pessoas fazendo-as sentir um frio arrepio na espinha.',40,'Rota 93','Ghost','Poison','Levitate',14,8,93,28,405,50,45,45),(94,'Gengar','Gastly -> Haunter -> Gengar',1.5,40.5,'Gengar é conhecido por sua habilidade de se esconder nas sombras e atacar seus inimigos de surpresa.',0,'Rota 94','Ghost','Poison','Levitate',14,8,94,28,500,65,60,60),(95,'Onix','Onix',8.8,210,'Onix pode escavar túneis subterrâneos e é conhecido por sua resistência.',0,'Rota 95','Rock','Ground','Rock Head',13,9,95,29,385,45,160,35),(96,'Drowzee','Drowzee -> Hypno',1,32.4,'Drowzee se alimenta de sonhos dos outros e pode induzir sono em seus inimigos.',26,'Rota 96','Psychic',NULL,'Insomnia',11,NULL,96,30,328,48,45,60),(97,'Hypno','Drowzee -> Hypno',1.6,75.6,'Hypno pode usar um pêndulo para hipnotizar suas presas.',0,'Rota 97','Psychic',NULL,'Insomnia',11,NULL,97,30,483,73,70,85),(98,'Krabby','Krabby -> Kingler',0.4,6.5,'Krabby tem garras poderosas que podem esmagar conchas.',28,'Rota 98','Water',NULL,'Hyper Cutter',4,NULL,98,31,325,105,90,30),(99,'Kingler','Krabby -> Kingler',1.3,60,'Kingler é conhecido por sua força e por suas garras extremamente afiadas.',0,'Rota 99','Water',NULL,'Hyper Cutter',4,NULL,99,31,475,130,115,55),(100,'Voltorb','Voltorb -> Electrode',0.5,10.4,'Voltorb é conhecido por sua capacidade de explodir sem aviso prévio.',30,'Rota 100','Electric',NULL,'Soundproof',5,NULL,100,32,330,30,50,40),(101,'Electrode','Voltorb -> Electrode',1.2,66.6,'Electrode é conhecido por rolar em altas velocidades e pode explodir a qualquer momento.',0,'Rota 101','Electric',NULL,'Soundproof',5,NULL,101,32,480,50,70,60),(102,'Exeggcute','Exeggcute -> Exeggutor',0.4,2.5,'Exeggcute se parece com ovos, mas são sementes vivas.',27,'Rota 102','Grass','Psychic','Chlorophyll',2,11,102,33,325,40,80,60),(103,'Exeggutor','Exeggcute -> Exeggutor',2,120,'Exeggutor é conhecido como a \"Árvore da Vida\" e suas cabeças pensam de forma independente.',0,'Rota 103','Grass','Psychic','Chlorophyll',2,11,103,33,520,95,85,95),(104,'Cubone','Cubone -> Marowak',0.4,6.5,'Cubone sempre usa o crânio de sua mãe como capacete.',28,'Rota 104','Ground',NULL,'Rock Head',9,NULL,104,34,320,50,95,50),(105,'Marowak','Cubone -> Marowak',1,45,'Marowak usa um osso como arma e é extremamente resistente.',0,'Rota 105','Ground',NULL,'Rock Head',9,NULL,105,34,425,80,110,60),(106,'Hitmonlee','Tyrogue -> Hitmonlee',1.5,49.8,'Hitmonlee é conhecido por seus chutes poderosos e pernas elásticas.',0,'Rota 106','Fighting',NULL,'Limber',7,NULL,106,35,455,120,53,50),(107,'Hitmonchan','Tyrogue -> Hitmonchan',1.4,50.2,'Hitmonchan é conhecido por seus socos rápidos e fortes.',0,'Rota 107','Fighting',NULL,'Iron Fist',7,NULL,107,35,455,105,79,50),(108,'Lickitung','Lickitung',1.2,65.5,'Lickitung usa sua longa língua para lamber tudo, deixando marcas pegajosas.',0,'Rota 108','Normal',NULL,'Own Tempo',1,NULL,108,36,385,55,75,90),(109,'Koffing','Koffing -> Weezing',0.6,1,'Koffing é cheio de gases venenosos que podem explodir a qualquer momento.',35,'Rota 109','Poison',NULL,'Levitate',8,NULL,109,37,340,65,95,40),(110,'Weezing','Koffing -> Weezing',1.2,9.5,'Weezing é formado por dois Koffing que se uniram e compartilham seus gases venenosos.',0,'Rota 110','Poison',NULL,'Levitate',8,NULL,110,37,490,90,120,65),(111,'Rhyhorn','Rhyhorn -> Rhydon',1,115,'Rhyhorn tem uma pele extremamente dura e pode carregar contra qualquer coisa.',42,'Rota 111','Ground','Rock','Lightning Rod',9,13,111,38,345,85,95,80),(112,'Rhydon','Rhyhorn -> Rhydon',1.9,120,'Rhydon pode destruir até mesmo pedras com seus chifres duros.',0,'Rota 112','Ground','Rock','Lightning Rod',9,13,112,38,485,130,120,105),(113,'Chansey','Chansey -> Blissey',1.1,34.6,'Chansey é conhecido por sua natureza gentil e seus ovos nutritivos.',0,'Rota 113','Normal',NULL,'Natural Cure',1,NULL,113,39,450,5,5,250),(114,'Tangela','Tangela',1,35,'Tangela está coberto por vinhas azuis que regeneram rapidamente se cortadas.',0,'Rota 114','Grass',NULL,'Chlorophyll',2,NULL,114,40,435,55,115,65),(115,'Kangaskhan','Kangaskhan',2.2,80,'Kangaskhan carrega seu filhote na bolsa e é extremamente protetora.',0,'Rota 115','Normal',NULL,'Early Bird',1,NULL,115,41,490,95,80,105),(116,'Horsea','Horsea -> Seadra',0.4,8,'Horsea expele tinta preta para escapar de seus inimigos.',32,'Rota 116','Water',NULL,'Swift Swim',4,NULL,116,42,295,40,70,30),(117,'Seadra','Horsea -> Seadra',1.2,25,'Seadra possui espinhos venenosos que podem ferir gravemente os inimigos.',0,'Rota 117','Water',NULL,'Poison Point',4,NULL,117,42,440,65,95,55),(118,'Goldeen','Goldeen -> Seaking',0.6,15,'Goldeen nada elegantemente e usa seu chifre para perfurar.',33,'Rota 118','Water',NULL,'Swift Swim',4,NULL,118,43,320,67,60,45),(119,'Seaking','Goldeen -> Seaking',1.3,39,'Seaking é um nadador forte e defende seu território com seu chifre afiado.',0,'Rota 119','Water',NULL,'Swift Swim',4,NULL,119,43,450,92,65,80),(120,'Staryu','Staryu -> Starmie',0.8,34.5,'Staryu pode regenerar partes perdidas do seu corpo, desde que o núcleo central permaneça intacto.',33,'Rota 120','Water',NULL,'Natural Cure',4,NULL,120,44,340,45,55,30),(121,'Starmie','Staryu -> Starmie',1.1,80,'Starmie possui um núcleo que brilha em sete cores.',0,'Rota 121','Water','Psychic','Natural Cure',4,11,121,44,520,75,85,60),(122,'Mr. Mime','Mr. Mime',1.3,54.5,'Mr. Mime é um mestre da ilusão e pode criar barreiras invisíveis.',0,'Rota 122','Psychic','Fairy','Soundproof',11,18,122,45,460,45,65,40),(123,'Scyther','Scyther',1.5,56,'Scyther é incrivelmente rápido e usa suas lâminas afiadas para atacar.',0,'Rota 123','Bug','Flying','Swarm',12,10,123,46,500,110,80,70),(124,'Jynx','Jynx',1.4,40.6,'Jynx encanta seus inimigos com uma dança hipnótica.',0,'Rota 124','Ice','Psychic','Oblivious',6,11,124,47,455,50,35,65),(125,'Electabuzz','Electabuzz',1.1,30,'Electabuzz causa blecautes em cidades ao absorver eletricidade.',0,'Rota 125','Electric',NULL,'Static',5,NULL,125,48,490,83,57,65),(126,'Magmar','Magmar',1.3,44.5,'Magmar expele chamas de seu corpo e vive perto de vulcões.',0,'Rota 126','Fire',NULL,'Flame Body',3,NULL,126,49,495,95,57,65),(127,'Pinsir','Pinsir',1.5,55,'Pinsir é forte o suficiente para cortar seus inimigos ao meio com suas pinças.',0,'Rota 127','Bug',NULL,'Hyper Cutter',12,NULL,127,50,500,125,100,65),(128,'Tauros','Tauros',1.4,88.4,'Tauros adora lutar e usa sua cauda para chicotear a si mesmo.',0,'Rota 128','Normal',NULL,'Intimidate',1,NULL,128,51,490,100,95,75),(129,'Magikarp','Magikarp -> Gyarados',0.9,10,'Magikarp é fraco e inútil, mas pode saltar alto.',20,'Rota 129','Water',NULL,'Swift Swim',4,NULL,129,52,200,10,55,20),(130,'Gyarados','Magikarp -> Gyarados',6.5,235,'Gyarados é feroz e destrói tudo em seu caminho com fúria.',0,'Rota 130','Water','Flying','Intimidate',4,10,130,52,540,125,79,95),(131,'Lapras','Lapras',2.5,220,'Lapras é gentil e adora transportar pessoas no mar.',0,'Rota 131','Water','Ice','Water Absorb',4,6,131,53,535,85,80,130),(132,'Ditto','Ditto',0.3,4,'Ditto pode se transformar em qualquer Pokémon que vê.',0,'Rota 132','Normal',NULL,'Limber',1,NULL,132,54,288,48,48,48),(133,'Eevee','Eevee -> Vaporeon, Jolteon, Flareon, Espeon, Umbreon, Leafeon, Glaceon, Sylveon',0.3,6.5,'Eevee tem um DNA instável que permite evoluir para várias formas.',0,'Rota 133','Normal',NULL,'Run Away',1,NULL,133,55,325,55,50,55),(134,'Vaporeon','Eevee -> Vaporeon',1,29,'Vaporeon tem células semelhantes às da água, permitindo-lhe derreter na água.',0,'Rota 134','Water',NULL,'Water Absorb',4,NULL,134,55,525,65,60,130),(135,'Jolteon','Eevee -> Jolteon',0.8,24.5,'Jolteon acumula eletricidade estática em sua pele.',0,'Rota 135','Electric',NULL,'Volt Absorb',5,NULL,135,55,525,65,60,65),(136,'Flareon','Eevee -> Flareon',0.9,25,'Flareon armazena calor em seu corpo, tornando-se extremamente quente.',0,'Rota 136','Fire',NULL,'Flash Fire',3,NULL,136,55,525,130,60,65),(137,'Porygon','Porygon',0.8,36.5,'Porygon é um Pokémon virtual criado por cientistas.',0,'Rota 137','Normal',NULL,'Trace',1,NULL,137,56,395,60,70,65),(138,'Omanyte','Omanyte -> Omastar',0.4,7.5,'Omanyte é um Pokémon fóssil revivido que usa seus tentáculos para nadar.',40,'Rota 138','Rock','Water','Swift Swim',13,4,138,57,355,40,100,35),(139,'Omastar','Omanyte -> Omastar',1,35,'Omastar usa suas conchas afiadas para capturar e esmagar suas presas.',0,'Rota 139','Rock','Water','Swift Swim',13,4,139,57,495,60,125,70),(140,'Kabuto','Kabuto -> Kabutops',0.5,11.5,'Kabuto é um Pokémon fóssil revivido que se protege com uma carapaça dura.',40,'Rota 140','Rock','Water','Swift Swim',13,4,140,58,355,80,90,30),(141,'Kabutops','Kabuto -> Kabutops',1.3,40.5,'Kabutops caça com suas lâminas afiadas.',0,'Rota 141','Rock','Water','Battle Armor',13,4,NULL,58,495,115,105,60),(142,'Aerodactyl','Aerodactyl',1.8,59,'Aerodactyl é um Pokémon fóssil revivido que voa pelos céus.',0,'Rota 142','Rock','Flying','Rock Head',13,10,NULL,59,515,105,65,80),(143,'Snorlax','Snorlax',2.1,460,'Snorlax dorme a maior parte do dia e só acorda para comer.',0,'Rota 143','Normal',NULL,'Immunity',1,NULL,NULL,60,540,110,65,160),(144,'Articuno','Articuno',1.7,55.4,'Articuno é uma ave lendária que controla o gelo.',0,'Rota 144','Ice','Flying','Pressure',6,10,NULL,61,580,85,100,90),(145,'Zapdos','Zapdos',1.6,52.6,'Zapdos é uma ave lendária que controla a eletricidade.',0,'Rota 145','Electric','Flying','Pressure',5,10,NULL,62,580,90,85,90),(146,'Moltres','Moltres',2,60,'Moltres é uma ave lendária que controla o fogo.',0,'Rota 146','Fire','Flying','Pressure',3,10,NULL,63,580,100,90,90),(147,'Dratini','Dratini -> Dragonair -> Dragonite',1.8,3.3,'Dratini está sempre se escondendo de humanos.',30,'Rota 147','Dragon',NULL,'Shed Skin',15,NULL,NULL,64,300,64,45,41),(148,'Dragonair','Dratini -> Dragonair -> Dragonite',4,16.5,'Dragonair emite uma aura mística.',55,'Rota 148','Dragon',NULL,'Shed Skin',15,NULL,NULL,64,420,84,65,61),(149,'Dragonite','Dratini -> Dragonair -> Dragonite',2.2,210,'Dragonite pode circular o globo em apenas 16 horas.',0,'Rota 149','Dragon','Flying','Inner Focus',15,10,NULL,64,600,134,95,91),(150,'Mewtwo','Mewtwo',2,122,'Mewtwo é um Pokémon geneticamente modificado com grande poder.',0,'Rota 150','Psychic',NULL,'Pressure',11,NULL,NULL,65,680,110,90,106),(151,'Mew','Mew',0.4,4,'Mew é um Pokémon mítico que contém o DNA de todos os Pokémon.',0,'Rota 151','Psychic',NULL,'Synchronize',11,NULL,NULL,65,600,100,100,100);
/*!40000 ALTER TABLE `pokemon` ENABLE KEYS */;
UNLOCK TABLES;

--
-- Table structure for table `pokemon_habilidade`
--

DROP TABLE IF EXISTS `pokemon_habilidade`;
/*!40101 SET @saved_cs_client     = @@character_set_client */;
/*!50503 SET character_set_client = utf8mb4 */;
CREATE TABLE `pokemon_habilidade` (
  `ID_POKEMON_HABILIDADE` int NOT NULL AUTO_INCREMENT,
  `ID_FK_POKEMON_HAB` int DEFAULT NULL,
  `ID_FK_HAB_POKEMON` int DEFAULT NULL,
  PRIMARY KEY (`ID_POKEMON_HABILIDADE`),
  KEY `ID_FK_HAB_POKEMON` (`ID_FK_HAB_POKEMON`),
  KEY `fk_pokemon_habilidade_pokemon` (`ID_FK_POKEMON_HAB`),
  CONSTRAINT `fk_pokemon_habilidade_pokemon` FOREIGN KEY (`ID_FK_POKEMON_HAB`) REFERENCES `pokemon` (`ID_POKEMON`) ON DELETE CASCADE,
  CONSTRAINT `pokemon_habilidade_ibfk_1` FOREIGN KEY (`ID_FK_POKEMON_HAB`) REFERENCES `pokemon` (`ID_POKEMON`),
  CONSTRAINT `pokemon_habilidade_ibfk_2` FOREIGN KEY (`ID_FK_HAB_POKEMON`) REFERENCES `habilidade` (`ID_HABILIDADE`)
) ENGINE=InnoDB AUTO_INCREMENT=548 DEFAULT CHARSET=utf8mb4 COLLATE=utf8mb4_0900_ai_ci;
/*!40101 SET character_set_client = @saved_cs_client */;

--
-- Dumping data for table `pokemon_habilidade`
--

LOCK TABLES `pokemon_habilidade` WRITE;
/*!40000 ALTER TABLE `pokemon_habilidade` DISABLE KEYS */;
INSERT INTO `pokemon_habilidade` VALUES (58,1,3),(59,2,3),(60,3,3),(61,4,2),(62,5,2),(63,6,2),(64,7,4),(65,8,4),(66,9,4),(67,10,1),(68,11,25),(69,12,13),(70,13,1),(71,14,25),(72,15,21),(73,16,24),(74,17,24),(75,18,24),(76,19,20),(77,20,20),(78,21,24),(79,22,24),(80,23,12),(81,24,12),(82,25,25),(83,26,25),(84,27,18),(85,28,18),(86,29,29),(87,30,29),(88,31,29),(89,33,29),(90,34,29),(91,35,31),(92,36,31),(93,37,38),(94,38,38),(95,39,31),(96,40,31),(97,41,14),(98,42,14),(99,43,22),(100,44,22),(101,45,22),(102,46,28),(103,47,28),(104,48,17),(105,49,19),(106,50,8),(107,51,8),(108,52,30),(109,53,23),(110,54,11),(111,55,7),(112,56,39),(113,57,6),(114,58,10),(115,59,10),(116,60,5),(117,61,5),(118,62,5),(119,63,27),(120,64,27),(121,65,27),(122,66,15),(123,67,15),(124,68,15),(125,69,22),(126,70,22),(127,71,22),(128,72,9),(129,73,9),(130,74,12),(131,75,12),(132,76,12),(133,77,32),(134,78,32),(135,79,3),(136,80,3),(137,81,34),(138,82,34),(139,83,18),(140,84,32),(141,85,32),(142,86,36),(143,87,36),(144,88,33),(145,89,33),(146,90,35),(147,91,35),(148,92,21),(149,93,21),(150,94,21),(151,95,12),(152,96,24),(153,97,24),(154,98,16),(155,99,16),(156,100,37),(157,101,37),(158,102,22),(159,103,22),(160,104,12),(161,105,12),(162,106,23),(163,107,20),(164,108,26),(165,109,21),(166,110,21),(167,111,25),(168,112,25),(169,113,13),(170,114,22),(171,115,4),(172,116,40),(173,117,19),(514,118,40),(515,119,40),(516,120,28),(517,121,28),(518,122,24),(519,123,14),(520,124,24),(521,125,37),(522,126,38),(523,127,14),(524,128,5),(525,129,4),(526,130,4),(527,131,19),(528,132,3),(529,133,3),(530,134,3),(531,135,9),(532,136,13),(533,137,30),(534,138,32),(535,139,32),(536,140,32),(537,141,32),(538,142,12),(539,143,5),(540,144,25),(541,145,9),(542,146,13),(543,147,2),(544,148,2),(545,149,2),(546,150,24),(547,151,3);
/*!40000 ALTER TABLE `pokemon_habilidade` ENABLE KEYS */;
UNLOCK TABLES;

--
-- Table structure for table `pokemon_movimento`
--

DROP TABLE IF EXISTS `pokemon_movimento`;
/*!40101 SET @saved_cs_client     = @@character_set_client */;
/*!50503 SET character_set_client = utf8mb4 */;
CREATE TABLE `pokemon_movimento` (
  `ID_POKEMON_MOVIMENTO` int NOT NULL AUTO_INCREMENT,
  `METODO_MOVIMENTO` varchar(45) DEFAULT NULL,
  `LEVEL_MOVIMENTO` int DEFAULT NULL,
  `TM_MOVIMENTO` varchar(45) DEFAULT NULL,
  `ID_FK_POKEMON` int DEFAULT NULL,
  `ID_FK_MOVIMENTO` int DEFAULT NULL,
  PRIMARY KEY (`ID_POKEMON_MOVIMENTO`),
  KEY `ID_FK_POKEMON` (`ID_FK_POKEMON`),
  KEY `ID_FK_MOVIMENTO` (`ID_FK_MOVIMENTO`),
  CONSTRAINT `pokemon_movimento_ibfk_1` FOREIGN KEY (`ID_FK_POKEMON`) REFERENCES `pokemon` (`ID_POKEMON`),
  CONSTRAINT `pokemon_movimento_ibfk_2` FOREIGN KEY (`ID_FK_MOVIMENTO`) REFERENCES `movimento` (`ID_MOVIMENTO`)
) ENGINE=InnoDB AUTO_INCREMENT=936 DEFAULT CHARSET=utf8mb4 COLLATE=utf8mb4_0900_ai_ci;
/*!40101 SET character_set_client = @saved_cs_client */;

--
-- Dumping data for table `pokemon_movimento`
--

LOCK TABLES `pokemon_movimento` WRITE;
/*!40000 ALTER TABLE `pokemon_movimento` DISABLE KEYS */;
INSERT INTO `pokemon_movimento` VALUES (1,'level',1,NULL,1,13),(2,'level',3,NULL,1,22),(3,'level',7,NULL,1,48),(4,'level',9,NULL,1,75),(5,'level',13,NULL,1,52),(6,'level',15,NULL,1,79),(7,'level',19,NULL,1,54),(8,'level',21,NULL,1,77),(9,'level',25,NULL,1,73),(10,'level',27,NULL,1,56),(11,'level',31,NULL,1,76),(12,'level',33,NULL,1,53),(13,'level',37,NULL,1,80),(14,'level',39,NULL,1,102),(15,'level',45,NULL,1,50),(16,'tm',NULL,'TM45',1,68),(17,'level',1,NULL,2,13),(18,'level',1,NULL,2,22),(19,'level',1,NULL,2,48),(20,'level',1,NULL,2,75),(21,'level',3,NULL,2,22),(22,'level',7,NULL,2,48),(23,'level',9,NULL,2,75),(24,'level',13,NULL,2,52),(25,'level',15,NULL,2,79),(26,'level',20,NULL,2,54),(27,'level',23,NULL,2,77),(28,'level',28,NULL,2,73),(29,'level',31,NULL,2,56),(30,'level',36,NULL,2,76),(31,'level',39,NULL,2,53),(32,'level',44,NULL,2,80),(33,'level',47,NULL,2,102),(34,'level',52,NULL,2,50),(35,'tm',NULL,'TM45',2,68),(36,'level',1,NULL,3,13),(37,'level',1,NULL,3,22),(38,'level',1,NULL,3,48),(39,'level',1,NULL,3,75),(40,'level',3,NULL,3,22),(41,'level',7,NULL,3,48),(42,'level',9,NULL,3,75),(43,'level',13,NULL,3,52),(44,'level',15,NULL,3,79),(45,'level',20,NULL,3,54),(46,'level',23,NULL,3,77),(47,'level',28,NULL,3,73),(48,'level',31,NULL,3,56),(49,'level',39,NULL,3,76),(50,'level',45,NULL,3,53),(51,'level',50,NULL,3,80),(52,'level',53,NULL,3,102),(53,'level',58,NULL,3,50),(54,'tm',NULL,'TM45',3,68),(55,'level',1,NULL,4,13),(56,'level',1,NULL,4,39),(57,'level',7,NULL,4,52),(58,'level',10,NULL,4,20),(59,'level',16,NULL,4,83),(60,'level',19,NULL,4,52),(61,'level',25,NULL,4,10),(62,'level',28,NULL,4,77),(63,'level',34,NULL,4,102),(64,'level',37,NULL,4,13),(65,'level',43,NULL,4,7),(66,'level',46,NULL,4,23),(67,'tm',NULL,'TM45',4,68),(68,'level',1,NULL,5,13),(69,'level',1,NULL,5,39),(70,'level',1,NULL,5,52),(71,'level',1,NULL,5,20),(72,'level',7,NULL,5,52),(73,'level',10,NULL,5,20),(74,'level',17,NULL,5,83),(75,'level',21,NULL,5,52),(76,'level',28,NULL,5,10),(77,'level',32,NULL,5,77),(78,'level',39,NULL,5,102),(79,'level',43,NULL,5,13),(80,'level',50,NULL,5,7),(81,'level',54,NULL,5,23),(82,'tm',NULL,'TM45',5,68),(83,'level',1,NULL,6,13),(84,'level',1,NULL,6,39),(85,'level',1,NULL,6,52),(86,'level',1,NULL,6,20),(87,'level',7,NULL,6,52),(88,'level',10,NULL,6,20),(89,'level',17,NULL,6,83),(90,'level',21,NULL,6,52),(91,'level',28,NULL,6,10),(92,'level',32,NULL,6,77),(93,'level',41,NULL,6,102),(94,'level',47,NULL,6,13),(95,'level',56,NULL,6,7),(96,'level',62,NULL,6,23),(97,'tm',NULL,'TM45',6,68),(98,'level',1,NULL,7,33),(99,'level',4,NULL,7,57),(100,'level',7,NULL,7,39),(101,'level',10,NULL,7,72),(102,'level',13,NULL,7,86),(103,'level',16,NULL,7,38),(104,'level',19,NULL,7,37),(105,'level',22,NULL,7,20),(106,'level',25,NULL,7,66),(107,'level',28,NULL,7,102),(108,'level',31,NULL,7,107),(109,'level',34,NULL,7,44),(110,'level',37,NULL,7,33),(111,'level',40,NULL,7,35),(112,'level',43,NULL,7,106),(113,'level',46,NULL,7,45),(114,'tm',NULL,'TM45',7,68),(115,'level',1,NULL,8,33),(116,'level',1,NULL,8,57),(117,'level',1,NULL,8,39),(118,'level',1,NULL,8,72),(119,'level',4,NULL,8,57),(120,'level',7,NULL,8,39),(121,'level',10,NULL,8,72),(122,'level',13,NULL,8,86),(123,'level',16,NULL,8,38),(124,'level',20,NULL,8,37),(125,'level',24,NULL,8,20),(126,'level',28,NULL,8,66),(127,'level',32,NULL,8,102),(128,'level',36,NULL,8,107),(129,'level',40,NULL,8,44),(130,'level',44,NULL,8,33),(131,'level',48,NULL,8,35),(132,'level',52,NULL,8,106),(133,'level',56,NULL,8,45),(134,'tm',NULL,'TM45',8,68),(135,'level',1,NULL,9,33),(136,'level',1,NULL,9,57),(137,'level',1,NULL,9,39),(138,'level',1,NULL,9,72),(139,'level',4,NULL,9,57),(140,'level',7,NULL,9,39),(141,'level',10,NULL,9,72),(142,'level',13,NULL,9,86),(143,'level',16,NULL,9,38),(144,'level',20,NULL,9,37),(145,'level',24,NULL,9,20),(146,'level',28,NULL,9,66),(147,'level',32,NULL,9,102),(148,'level',39,NULL,9,107),(149,'level',46,NULL,9,44),(150,'level',53,NULL,9,33),(151,'level',60,NULL,9,35),(152,'level',67,NULL,9,106),(153,'level',74,NULL,9,45),(154,'tm',NULL,'TM45',9,68),(155,'level',1,NULL,10,39),(156,'level',1,NULL,10,60),(157,'tm',NULL,'TM45',10,68),(158,'level',1,NULL,11,39),(159,'level',1,NULL,11,60),(160,'level',7,NULL,11,106),(161,'tm',NULL,'TM45',11,68),(162,'level',1,NULL,12,39),(163,'level',1,NULL,12,60),(164,'level',7,NULL,12,106),(165,'level',10,NULL,12,14),(166,'level',13,NULL,12,19),(167,'level',16,NULL,12,21),(168,'level',19,NULL,12,93),(169,'level',22,NULL,12,70),(170,'level',25,NULL,12,54),(171,'level',28,NULL,12,77),(172,'level',31,NULL,12,38),(173,'level',34,NULL,12,53),(174,'level',37,NULL,12,67),(175,'level',40,NULL,12,109),(176,'tm',NULL,'TM45',12,68),(177,'level',1,NULL,13,39),(178,'level',1,NULL,13,60),(179,'tm',NULL,'TM45',13,68),(180,'level',1,NULL,14,39),(181,'level',1,NULL,14,60),(182,'level',7,NULL,14,106),(183,'tm',NULL,'TM45',14,68),(184,'level',1,NULL,15,39),(185,'level',1,NULL,15,60),(186,'level',7,NULL,15,106),(187,'level',10,NULL,15,20),(188,'level',13,NULL,15,117),(189,'level',16,NULL,15,25),(190,'level',19,NULL,15,83),(191,'level',22,NULL,15,55),(192,'level',25,NULL,15,28),(193,'level',28,NULL,15,62),(194,'level',31,NULL,15,73),(195,'level',34,NULL,15,48),(196,'level',37,NULL,15,7),(197,'level',40,NULL,15,45),(198,'tm',NULL,'TM45',15,68),(199,'level',1,NULL,1,13),(200,'level',3,NULL,1,22),(201,'level',7,NULL,1,48),(202,'level',9,NULL,1,75),(203,'level',13,NULL,1,52),(204,'level',15,NULL,1,79),(205,'level',19,NULL,1,54),(206,'level',21,NULL,1,77),(207,'level',25,NULL,1,73),(208,'level',27,NULL,1,56),(209,'level',31,NULL,1,76),(210,'level',33,NULL,1,53),(211,'level',37,NULL,1,80),(212,'level',39,NULL,1,102),(213,'level',45,NULL,1,50),(214,'tm',NULL,'TM45',1,68),(215,'level',1,NULL,2,13),(216,'level',1,NULL,2,22),(217,'level',1,NULL,2,48),(218,'level',1,NULL,2,75),(219,'level',3,NULL,2,22),(220,'level',7,NULL,2,48),(221,'level',9,NULL,2,75),(222,'level',13,NULL,2,52),(223,'level',15,NULL,2,79),(224,'level',20,NULL,2,54),(225,'level',23,NULL,2,77),(226,'level',28,NULL,2,73),(227,'level',31,NULL,2,56),(228,'level',36,NULL,2,76),(229,'level',39,NULL,2,53),(230,'level',44,NULL,2,80),(231,'level',47,NULL,2,102),(232,'level',52,NULL,2,50),(233,'tm',NULL,'TM45',2,68),(234,'level',1,NULL,3,13),(235,'level',1,NULL,3,22),(236,'level',1,NULL,3,48),(237,'level',1,NULL,3,75),(238,'level',3,NULL,3,22),(239,'level',7,NULL,3,48),(240,'level',9,NULL,3,75),(241,'level',13,NULL,3,52),(242,'level',15,NULL,3,79),(243,'level',20,NULL,3,54),(244,'level',23,NULL,3,77),(245,'level',28,NULL,3,73),(246,'level',31,NULL,3,56),(247,'level',39,NULL,3,76),(248,'level',45,NULL,3,53),(249,'level',50,NULL,3,80),(250,'level',53,NULL,3,102),(251,'level',58,NULL,3,50),(252,'tm',NULL,'TM45',3,68),(253,'level',1,NULL,4,13),(254,'level',1,NULL,4,39),(255,'level',7,NULL,4,52),(256,'level',10,NULL,4,20),(257,'level',16,NULL,4,83),(258,'level',19,NULL,4,52),(259,'level',25,NULL,4,10),(260,'level',28,NULL,4,77),(261,'level',34,NULL,4,102),(262,'level',37,NULL,4,13),(263,'level',43,NULL,4,7),(264,'level',46,NULL,4,23),(265,'tm',NULL,'TM45',4,68),(266,'level',1,NULL,5,13),(267,'level',1,NULL,5,39),(268,'level',1,NULL,5,52),(269,'level',1,NULL,5,20),(270,'level',7,NULL,5,52),(271,'level',10,NULL,5,20),(272,'level',17,NULL,5,83),(273,'level',21,NULL,5,52),(274,'level',28,NULL,5,10),(275,'level',32,NULL,5,77),(276,'level',39,NULL,5,102),(277,'level',43,NULL,5,13),(278,'level',50,NULL,5,7),(279,'level',54,NULL,5,23),(280,'tm',NULL,'TM45',5,68),(281,'level',1,NULL,6,13),(282,'level',1,NULL,6,39),(283,'level',1,NULL,6,52),(284,'level',1,NULL,6,20),(285,'level',7,NULL,6,52),(286,'level',10,NULL,6,20),(287,'level',17,NULL,6,83),(288,'level',21,NULL,6,52),(289,'level',28,NULL,6,10),(290,'level',32,NULL,6,77),(291,'level',41,NULL,6,102),(292,'level',47,NULL,6,13),(293,'level',56,NULL,6,7),(294,'level',62,NULL,6,23),(295,'tm',NULL,'TM45',6,68),(296,'level',1,NULL,7,33),(297,'level',4,NULL,7,57),(298,'level',7,NULL,7,39),(299,'level',10,NULL,7,72),(300,'level',13,NULL,7,86),(301,'level',16,NULL,7,38),(302,'level',19,NULL,7,37),(303,'level',22,NULL,7,20),(304,'level',25,NULL,7,66),(305,'level',28,NULL,7,102),(306,'level',31,NULL,7,107),(307,'level',34,NULL,7,44),(308,'level',37,NULL,7,33),(309,'level',40,NULL,7,35),(310,'level',43,NULL,7,106),(311,'level',46,NULL,7,45),(312,'tm',NULL,'TM45',7,68),(313,'level',1,NULL,8,33),(314,'level',1,NULL,8,57),(315,'level',1,NULL,8,39),(316,'level',1,NULL,8,72),(317,'level',4,NULL,8,57),(318,'level',7,NULL,8,39),(319,'level',10,NULL,8,72),(320,'level',13,NULL,8,86),(321,'level',16,NULL,8,38),(322,'level',20,NULL,8,37),(323,'level',24,NULL,8,20),(324,'level',28,NULL,8,66),(325,'level',32,NULL,8,102),(326,'level',36,NULL,8,107),(327,'level',40,NULL,8,44),(328,'level',44,NULL,8,33),(329,'level',48,NULL,8,35),(330,'level',52,NULL,8,106),(331,'level',56,NULL,8,45),(332,'tm',NULL,'TM45',8,68),(333,'level',1,NULL,9,33),(334,'level',1,NULL,9,57),(335,'level',1,NULL,9,39),(336,'level',1,NULL,9,72),(337,'level',4,NULL,9,57),(338,'level',7,NULL,9,39),(339,'level',10,NULL,9,72),(340,'level',13,NULL,9,86),(341,'level',16,NULL,9,38),(342,'level',20,NULL,9,37),(343,'level',24,NULL,9,20),(344,'level',28,NULL,9,66),(345,'level',32,NULL,9,102),(346,'level',39,NULL,9,107),(347,'level',46,NULL,9,44),(348,'level',53,NULL,9,33),(349,'level',60,NULL,9,35),(350,'level',67,NULL,9,106),(351,'level',74,NULL,9,45),(352,'tm',NULL,'TM45',9,68),(353,'level',1,NULL,10,39),(354,'level',1,NULL,10,60),(355,'tm',NULL,'TM45',10,68),(356,'level',1,NULL,11,39),(357,'level',1,NULL,11,60),(358,'level',7,NULL,11,106),(359,'tm',NULL,'TM45',11,68),(360,'level',1,NULL,12,39),(361,'level',1,NULL,12,60),(362,'level',7,NULL,12,106),(363,'level',10,NULL,12,14),(364,'level',13,NULL,12,19),(365,'level',16,NULL,12,21),(366,'level',19,NULL,12,93),(367,'level',22,NULL,12,70),(368,'level',25,NULL,12,54),(369,'level',28,NULL,12,77),(370,'level',31,NULL,12,38),(371,'level',34,NULL,12,53),(372,'level',37,NULL,12,67),(373,'level',40,NULL,12,109),(374,'tm',NULL,'TM45',12,68),(375,'level',1,NULL,13,39),(376,'level',1,NULL,13,60),(377,'tm',NULL,'TM45',13,68),(378,'level',1,NULL,14,39),(379,'level',1,NULL,14,60),(380,'level',7,NULL,14,106),(381,'tm',NULL,'TM45',14,68),(382,'level',1,NULL,15,39),(383,'level',1,NULL,15,60),(384,'level',7,NULL,15,106),(385,'level',10,NULL,15,20),(386,'level',13,NULL,15,117),(387,'level',16,NULL,15,25),(388,'level',19,NULL,15,83),(389,'level',22,NULL,15,55),(390,'level',25,NULL,15,28),(391,'level',28,NULL,15,62),(392,'level',31,NULL,15,73),(393,'level',34,NULL,15,48),(394,'level',37,NULL,15,7),(395,'level',40,NULL,15,45),(396,'tm',NULL,'TM45',15,68),(397,'level',1,NULL,35,50),(398,'level',13,NULL,35,35),(399,'level',18,NULL,35,3),(400,'level',24,NULL,35,21),(401,'level',31,NULL,35,95),(402,'level',39,NULL,35,90),(403,'level',48,NULL,35,84),(404,'level',57,NULL,35,81),(405,'tm',NULL,'3',35,82),(406,'tm',NULL,'6',35,52),(407,'tm',NULL,'7',35,113),(408,'tm',NULL,'8',35,105),(409,'tm',NULL,'9',35,114),(410,'tm',NULL,'10',35,20),(411,'tm',NULL,'15',35,36),(412,'tm',NULL,'17',35,19),(413,'level',1,NULL,36,50),(414,'level',1,NULL,36,35),(415,'level',1,NULL,36,3),(416,'level',1,NULL,36,21),(417,'level',31,NULL,36,95),(418,'level',39,NULL,36,90),(419,'level',54,NULL,36,84),(420,'level',73,NULL,36,81),(421,'tm',NULL,'3',36,82),(422,'tm',NULL,'6',36,52),(423,'tm',NULL,'7',36,113),(424,'tm',NULL,'8',36,105),(425,'tm',NULL,'9',36,114),(426,'tm',NULL,'10',36,20),(427,'tm',NULL,'15',36,36),(428,'tm',NULL,'17',36,19),(429,'level',1,NULL,37,39),(430,'level',1,NULL,37,52),(431,'level',7,NULL,37,98),(432,'level',13,NULL,37,19),(433,'level',19,NULL,37,53),(434,'level',25,NULL,37,28),(435,'level',31,NULL,37,83),(436,'level',37,NULL,37,97),(437,'tm',NULL,'3',37,82),(438,'tm',NULL,'6',37,52),(439,'tm',NULL,'7',37,113),(440,'tm',NULL,'8',37,105),(441,'tm',NULL,'9',37,114),(442,'tm',NULL,'10',37,20),(443,'tm',NULL,'15',37,36),(444,'tm',NULL,'17',37,19),(445,'level',1,NULL,35,50),(446,'level',13,NULL,35,35),(447,'level',18,NULL,35,3),(448,'level',24,NULL,35,21),(449,'level',31,NULL,35,95),(450,'level',39,NULL,35,90),(451,'level',48,NULL,35,84),(452,'level',57,NULL,35,81),(453,'tm',NULL,'3',35,82),(454,'tm',NULL,'6',35,52),(455,'tm',NULL,'7',35,113),(456,'tm',NULL,'8',35,105),(457,'tm',NULL,'9',35,114),(458,'tm',NULL,'10',35,20),(459,'tm',NULL,'15',35,36),(460,'tm',NULL,'17',35,19),(461,'level',1,NULL,36,50),(462,'level',1,NULL,36,35),(463,'level',1,NULL,36,3),(464,'level',1,NULL,36,21),(465,'level',31,NULL,36,95),(466,'level',39,NULL,36,90),(467,'level',54,NULL,36,84),(468,'level',73,NULL,36,81),(469,'tm',NULL,'3',36,82),(470,'tm',NULL,'6',36,52),(471,'tm',NULL,'7',36,113),(472,'tm',NULL,'8',36,105),(473,'tm',NULL,'9',36,114),(474,'tm',NULL,'10',36,20),(475,'tm',NULL,'15',36,36),(476,'tm',NULL,'17',36,19),(477,'level',1,NULL,37,39),(478,'level',1,NULL,37,52),(479,'level',7,NULL,37,98),(480,'level',13,NULL,37,19),(481,'level',19,NULL,37,53),(482,'level',25,NULL,37,28),(483,'level',31,NULL,37,83),(484,'level',37,NULL,37,97),(485,'tm',NULL,'3',37,82),(486,'tm',NULL,'6',37,52),(487,'tm',NULL,'7',37,113),(488,'tm',NULL,'8',37,105),(489,'tm',NULL,'9',37,114),(490,'tm',NULL,'10',37,20),(491,'tm',NULL,'15',37,36),(492,'tm',NULL,'17',37,19),(493,'level',1,NULL,52,103),(494,'level',1,NULL,52,20),(495,'level',6,NULL,52,125),(496,'level',9,NULL,52,94),(497,'level',14,NULL,52,85),(498,'level',17,NULL,52,131),(499,'level',22,NULL,52,95),(500,'level',25,NULL,52,114),(501,'level',30,NULL,52,41),(502,'level',33,NULL,52,103),(503,'level',38,NULL,52,93),(504,'level',41,NULL,52,102),(505,'level',46,NULL,52,106),(506,'level',49,NULL,52,82),(507,'tm',NULL,'6',52,52),(508,'tm',NULL,'9',52,114),(509,'tm',NULL,'10',52,20),(510,'tm',NULL,'15',52,36),(511,'tm',NULL,'17',52,19),(512,'level',1,NULL,63,76),(513,'tm',NULL,'4',63,70),(514,'tm',NULL,'6',63,70),(515,'tm',NULL,'10',63,20),(516,'tm',NULL,'15',63,36),(517,'tm',NULL,'28',63,101),(518,'level',1,NULL,73,40),(519,'level',1,NULL,73,64),(520,'level',5,NULL,73,96),(521,'level',8,NULL,73,92),(522,'level',12,NULL,73,127),(523,'level',15,NULL,73,34),(524,'level',19,NULL,73,72),(525,'level',22,NULL,73,106),(526,'level',26,NULL,73,44),(527,'level',29,NULL,73,117),(528,'level',33,NULL,73,133),(529,'level',36,NULL,73,104),(530,'level',40,NULL,73,79),(531,'level',43,NULL,73,134),(532,'level',47,NULL,73,135),(533,'level',50,NULL,73,69),(534,'tm',NULL,'3',73,64),(535,'tm',NULL,'5',73,108),(536,'tm',NULL,'8',73,70),(537,'tm',NULL,'10',73,20),(538,'tm',NULL,'15',73,36),(539,'level',1,NULL,64,76),(540,'level',1,NULL,64,60),(541,'level',16,NULL,64,93),(542,'level',18,NULL,64,135),(543,'level',21,NULL,64,70),(544,'level',23,NULL,64,72),(545,'level',26,NULL,64,88),(546,'level',28,NULL,64,97),(547,'level',31,NULL,64,134),(548,'level',33,NULL,64,130),(549,'level',36,NULL,64,102),(550,'level',38,NULL,64,78),(551,'level',41,NULL,64,110),(552,'tm',NULL,'4',64,70),(553,'tm',NULL,'6',64,70),(554,'tm',NULL,'10',64,20),(555,'tm',NULL,'15',64,36),(556,'tm',NULL,'28',64,101),(557,'level',1,NULL,76,24),(558,'level',1,NULL,76,19),(559,'level',4,NULL,76,55),(560,'level',6,NULL,76,30),(561,'level',10,NULL,76,69),(562,'level',12,NULL,76,36),(563,'level',16,NULL,76,88),(564,'level',18,NULL,76,29),(565,'level',22,NULL,76,31),(566,'level',24,NULL,76,89),(567,'level',28,NULL,76,54),(568,'level',30,NULL,76,90),(569,'level',36,NULL,76,103),(570,'level',40,NULL,76,76),(571,'level',44,NULL,76,60),(572,'level',48,NULL,76,102),(573,'tm',NULL,'1',76,90),(574,'tm',NULL,'6',76,103),(575,'tm',NULL,'8',76,89),(576,'tm',NULL,'10',76,20),(577,'tm',NULL,'15',76,36),(578,'level',1,NULL,79,69),(579,'level',1,NULL,79,21),(580,'level',6,NULL,79,32),(581,'level',12,NULL,79,92),(582,'level',15,NULL,79,32),(583,'level',18,NULL,79,8),(584,'level',22,NULL,79,99),(585,'level',27,NULL,79,64),(586,'level',33,NULL,79,93),(587,'level',36,NULL,79,129),(588,'level',39,NULL,79,94),(589,'level',45,NULL,79,67),(590,'level',54,NULL,79,136),(591,'level',63,NULL,79,95),(592,'level',72,NULL,79,67),(593,'level',1,NULL,82,33),(594,'level',1,NULL,82,26),(595,'level',1,NULL,82,49),(596,'level',1,NULL,82,48),(597,'level',14,NULL,82,81),(598,'level',17,NULL,82,84),(599,'level',22,NULL,82,34),(600,'level',27,NULL,82,97),(601,'level',30,NULL,82,82),(602,'level',34,NULL,82,93),(603,'level',39,NULL,82,101),(604,'level',43,NULL,82,103),(605,'level',48,NULL,82,9),(606,'level',53,NULL,82,82),(607,'level',58,NULL,82,104),(608,'level',63,NULL,82,85),(609,'level',1,NULL,89,10),(610,'level',1,NULL,89,50),(611,'level',1,NULL,89,51),(612,'level',30,NULL,89,54),(613,'level',38,NULL,89,114),(614,'level',47,NULL,89,92),(615,'level',60,NULL,89,124),(616,'level',1,NULL,89,10),(617,'level',1,NULL,89,50),(618,'level',1,NULL,89,51),(619,'level',30,NULL,89,54),(620,'level',38,NULL,89,114),(621,'level',47,NULL,89,92),(622,'level',60,NULL,89,124),(623,'tm',NULL,'6',89,68),(624,'tm',NULL,'9',89,99),(625,'tm',NULL,'10',89,20),(626,'tm',NULL,'17',89,14),(627,'tm',NULL,'18',89,70),(628,'tm',NULL,'21',89,57),(629,'tm',NULL,'26',89,36),(630,'tm',NULL,'27',89,92),(631,'tm',NULL,'32',89,42),(632,'tm',NULL,'34',89,44),(633,'tm',NULL,'36',89,85),(634,'tm',NULL,'41',89,65),(635,'tm',NULL,'42',89,88),(636,'tm',NULL,'44',89,103),(637,'tm',NULL,'45',89,59),(638,'tm',NULL,'46',89,114),(639,'tm',NULL,'58',89,54),(640,'tm',NULL,'83',89,97),(641,'tm',NULL,'84',89,89),(642,'tm',NULL,'87',89,32),(643,'level',1,NULL,92,123),(644,'level',1,NULL,92,50),(645,'level',5,NULL,92,95),(646,'level',8,NULL,92,101),(647,'level',12,NULL,92,109),(648,'level',15,NULL,92,95),(649,'level',19,NULL,92,50),(650,'level',22,NULL,92,94),(651,'level',26,NULL,92,103),(652,'level',29,NULL,92,116),(653,'level',33,NULL,92,138),(654,'level',36,NULL,92,114),(655,'level',40,NULL,92,114),(656,'level',43,NULL,92,138),(657,'level',47,NULL,92,92),(672,'level',1,NULL,93,123),(673,'level',1,NULL,93,50),(674,'level',1,NULL,93,95),(675,'level',1,NULL,93,101),(676,'level',8,NULL,93,109),(677,'level',15,NULL,93,95),(678,'level',22,NULL,93,50),(679,'level',29,NULL,93,94),(680,'level',36,NULL,93,103),(681,'level',43,NULL,93,116),(682,'level',50,NULL,93,138),(683,'level',57,NULL,93,114),(684,'level',64,NULL,93,114),(685,'level',71,NULL,93,138),(686,'level',78,NULL,93,92),(698,'level',1,NULL,94,123),(699,'level',1,NULL,94,50),(700,'level',1,NULL,94,95),(701,'level',1,NULL,94,101),(702,'level',1,NULL,94,109),(703,'level',1,NULL,94,95),(704,'level',1,NULL,94,50),(705,'level',1,NULL,94,94),(706,'level',1,NULL,94,103),(707,'level',1,NULL,94,116),(708,'level',1,NULL,94,138),(709,'level',1,NULL,94,114),(710,'level',1,NULL,94,114),(711,'level',1,NULL,94,138),(712,'level',1,NULL,94,92),(751,'level',1,NULL,95,33),(752,'level',1,NULL,95,106),(753,'level',15,NULL,95,28),(754,'level',19,NULL,95,36),(755,'level',25,NULL,95,29),(756,'level',29,NULL,95,111),(757,'level',35,NULL,95,46),(758,'level',45,NULL,95,103),(759,'level',1,NULL,96,1),(760,'level',1,NULL,96,95),(761,'level',5,NULL,96,50),(762,'level',9,NULL,96,93),(763,'level',13,NULL,96,29),(764,'level',17,NULL,96,60),(765,'level',21,NULL,96,139),(766,'level',25,NULL,96,112),(767,'level',33,NULL,96,60),(768,'level',37,NULL,96,94),(769,'level',45,NULL,96,105),(770,'level',1,NULL,97,1),(771,'level',1,NULL,97,95),(772,'level',1,NULL,97,50),(773,'level',1,NULL,97,93),(774,'level',5,NULL,97,29),(775,'level',9,NULL,97,60),(776,'level',13,NULL,97,139),(777,'level',17,NULL,97,112),(778,'level',29,NULL,97,60),(779,'level',35,NULL,97,94),(780,'level',47,NULL,97,105),(781,'level',53,NULL,97,107),(782,'level',1,NULL,102,1),(783,'level',1,NULL,102,13),(784,'level',1,NULL,102,34),(785,'level',1,NULL,102,43),(786,'level',1,NULL,102,46),(787,'level',1,NULL,102,64),(788,'level',1,NULL,102,66),(789,'level',1,NULL,102,91),(790,'level',1,NULL,144,121),(791,'level',1,NULL,144,16),(792,'level',1,NULL,144,133),(793,'level',1,NULL,144,109),(794,'tm',NULL,'1',144,68),(795,'tm',NULL,'6',144,6),(796,'tm',NULL,'10',144,20),(797,'level',1,NULL,143,121),(798,'level',1,NULL,143,16),(799,'level',1,NULL,143,133),(800,'level',1,NULL,143,109),(801,'tm',NULL,'1',143,68),(802,'tm',NULL,'6',143,6),(803,'tm',NULL,'10',143,20),(804,'level',1,NULL,142,121),(805,'level',1,NULL,142,16),(806,'level',1,NULL,142,133),(807,'level',1,NULL,142,109),(808,'tm',NULL,'1',142,68),(809,'tm',NULL,'6',142,6),(810,'tm',NULL,'10',142,20),(811,'level',1,NULL,141,121),(812,'level',1,NULL,141,16),(813,'level',1,NULL,141,133),(814,'level',1,NULL,141,109),(815,'tm',NULL,'1',141,68),(816,'tm',NULL,'6',141,6),(817,'tm',NULL,'10',141,20),(818,'level',1,NULL,140,121),(819,'level',1,NULL,140,16),(820,'level',1,NULL,140,133),(821,'level',1,NULL,140,109),(822,'tm',NULL,'1',140,68),(823,'tm',NULL,'6',140,6),(824,'tm',NULL,'10',140,20),(825,'level',1,NULL,139,121),(826,'level',1,NULL,139,16),(827,'level',1,NULL,139,133),(828,'level',1,NULL,139,109),(829,'tm',NULL,'1',139,68),(830,'tm',NULL,'6',139,6),(831,'tm',NULL,'10',139,20),(832,'level',1,NULL,138,121),(833,'level',1,NULL,138,16),(834,'level',1,NULL,138,133),(835,'tm',NULL,'1',138,68),(836,'tm',NULL,'6',138,6),(837,'tm',NULL,'10',138,20),(838,'level',1,NULL,137,121),(839,'level',1,NULL,137,16),(840,'level',1,NULL,137,133),(841,'level',1,NULL,137,109),(842,'tm',NULL,'1',137,68),(843,'tm',NULL,'6',137,6),(844,'tm',NULL,'10',137,20),(845,'level',1,NULL,136,121),(846,'level',1,NULL,136,16),(847,'level',1,NULL,136,133),(848,'level',1,NULL,136,109),(849,'tm',NULL,'1',136,68),(850,'tm',NULL,'6',136,6),(851,'tm',NULL,'10',136,20),(852,'level',1,NULL,135,121),(853,'level',1,NULL,135,16),(854,'level',1,NULL,135,133),(855,'level',1,NULL,135,109),(856,'tm',NULL,'6',135,6),(857,'tm',NULL,'10',135,20),(858,'level',1,NULL,134,121),(859,'level',1,NULL,134,16),(860,'level',1,NULL,134,133),(861,'level',1,NULL,134,109),(862,'tm',NULL,'1',134,68),(863,'tm',NULL,'6',134,6),(864,'tm',NULL,'10',134,20),(865,'level',1,NULL,133,121),(866,'level',1,NULL,133,16),(867,'level',1,NULL,133,133),(868,'level',1,NULL,133,109),(869,'tm',NULL,'1',133,68),(870,'tm',NULL,'6',133,6),(871,'tm',NULL,'10',133,20),(872,'level',1,NULL,132,121),(873,'level',1,NULL,131,121),(874,'level',1,NULL,131,16),(875,'level',1,NULL,131,133),(876,'level',1,NULL,131,109),(877,'tm',NULL,'1',131,68),(878,'tm',NULL,'6',131,6),(879,'tm',NULL,'10',131,20),(880,'level',1,NULL,130,121),(881,'level',1,NULL,130,16),(882,'level',1,NULL,130,133),(883,'level',1,NULL,130,109),(884,'tm',NULL,'1',130,68),(885,'tm',NULL,'6',130,6),(886,'tm',NULL,'10',130,20),(887,'level',1,NULL,129,121),(888,'level',15,NULL,129,133),(889,'level',30,NULL,129,109),(890,'level',1,NULL,128,121),(891,'level',1,NULL,128,16),(892,'level',1,NULL,128,133),(893,'level',1,NULL,128,109),(894,'tm',NULL,'1',128,68),(895,'tm',NULL,'6',128,6),(896,'tm',NULL,'10',128,20),(897,'level',1,NULL,127,121),(898,'level',1,NULL,127,16),(899,'level',1,NULL,127,133),(900,'level',1,NULL,127,109),(901,'tm',NULL,'1',127,68),(902,'tm',NULL,'6',127,6),(903,'tm',NULL,'10',127,20),(904,'level',1,NULL,126,121),(905,'level',1,NULL,126,16),(906,'level',1,NULL,126,133),(907,'level',1,NULL,126,109),(908,'tm',NULL,'1',126,68),(909,'tm',NULL,'6',126,6),(910,'tm',NULL,'10',126,20),(911,'level',1,NULL,125,121),(912,'level',1,NULL,125,16),(913,'level',1,NULL,125,133),(914,'level',1,NULL,125,109),(915,'tm',NULL,'1',125,68),(916,'tm',NULL,'6',125,6),(917,'tm',NULL,'10',125,20),(918,'level',1,NULL,124,121),(919,'level',1,NULL,124,16),(920,'level',1,NULL,124,133),(921,'level',1,NULL,124,109),(922,'tm',NULL,'1',124,68),(923,'tm',NULL,'6',124,6),(924,'tm',NULL,'10',124,20),(925,'level',1,NULL,123,121),(926,'level',1,NULL,123,16),(927,'level',1,NULL,123,133),(928,'level',1,NULL,123,109),(929,'tm',NULL,'1',123,68),(930,'tm',NULL,'6',123,6),(931,'tm',NULL,'10',123,20),(932,'level',1,NULL,151,121),(933,'level',1,NULL,151,16),(934,'level',1,NULL,151,133),(935,'level',1,NULL,151,109);
/*!40000 ALTER TABLE `pokemon_movimento` ENABLE KEYS */;
UNLOCK TABLES;

--
-- Table structure for table `tipo`
--

DROP TABLE IF EXISTS `tipo`;
/*!40101 SET @saved_cs_client     = @@character_set_client */;
/*!50503 SET character_set_client = utf8mb4 */;
CREATE TABLE `tipo` (
  `ID_TIPO` int NOT NULL,
  `NOME_TIPO` varchar(45) DEFAULT '-',
  `VANTAGEM_TIPO_TEXTO` varchar(45) DEFAULT '-',
  `FRAQUEZA_TIPO_TEXTO` varchar(45) DEFAULT NULL,
  `IMUNIDADE_TIPO_TEXTO` varchar(45) DEFAULT NULL,
  `RESISTENCIA_TIPO_TEXTO` varchar(100) DEFAULT NULL,
  PRIMARY KEY (`ID_TIPO`)
) ENGINE=InnoDB DEFAULT CHARSET=utf8mb4 COLLATE=utf8mb4_0900_ai_ci;
/*!40101 SET character_set_client = @saved_cs_client */;

--
-- Dumping data for table `tipo`
--

LOCK TABLES `tipo` WRITE;
/*!40000 ALTER TABLE `tipo` DISABLE KEYS */;
INSERT INTO `tipo` VALUES (1,'Normal','-','Fighting','Ghost','-'),(2,'Grass','Ground, Rock & Water','Bug, Fire, Flying, Ice & Poison','-','Water, Electric, Grass & Ground.'),(3,'Fire','Grass, Ice, Bug, Steel & Fairy','Water, Ground & Rock','-','-'),(4,'Water','Fire, Ground & Rock','Electric & Grass','-','-'),(5,'Electric','Water & Flying','Ground','-','-'),(6,'Ice','Grass, Ground, Flying & Dragon','Fire, Fighting, Rock & Steel','-','-'),(7,'Fighting','Normal, Ice, Rock, Dark & Steel','Flying, Psychic & Fairy','Ghost','-'),(8,'Poison','Grass & Fairy','Ground, Psychic','-','Fighting, Poison, Bug, Grass & Fairy'),(9,'Ground','Fire, Electric, Poison, Rock & Steel','Water, Grass & Ice','Electric','Poison, Rock'),(10,'Flying','Grass, Fighting & Bug','Electric, Ice & Rock','Ground','Fighting, Bug, Grass'),(11,'Psychic','Fighting & Poison','Bug, Ghost & Dark','-','Fighting, Psychic'),(12,'Bug','Grass, Psychic & Dark','Fire, Flying & Rock','-','Fighting, Grass, Ground'),(13,'Rock','Fire, Ice, Flying & Bug','Water, Grass, Fighting, Ground & Steel','-','Normal, Flying, Poison, Fire'),(14,'Ghost','Psychic & Ghost','Dark','Normal, Fighting','Poison, Bug'),(15,'Dragon','Dragon','Ice, Dragon, Fairy','-','Fire, Water, Electric, Grass'),(16,'Dark','Psychic & Ghost','Fighting, Bug & Fairy','Psychic','Ghost, Dark'),(17,'Steel','Ice, Rock & Fairy','Fire, Fighting, Ground','Poison','Normal, Flying, Rock, Bug, Steel, Grass, Psychic, Ice, Dragon, Fairy'),(18,'Fairy','Fighting, Dragon & Dark','Poison & Steel','Dragon','Fighting, Bug, Dark');
/*!40000 ALTER TABLE `tipo` ENABLE KEYS */;
UNLOCK TABLES;
/*!40103 SET TIME_ZONE=@OLD_TIME_ZONE */;

/*!40101 SET SQL_MODE=@OLD_SQL_MODE */;
/*!40014 SET FOREIGN_KEY_CHECKS=@OLD_FOREIGN_KEY_CHECKS */;
/*!40014 SET UNIQUE_CHECKS=@OLD_UNIQUE_CHECKS */;
/*!40101 SET CHARACTER_SET_CLIENT=@OLD_CHARACTER_SET_CLIENT */;
/*!40101 SET CHARACTER_SET_RESULTS=@OLD_CHARACTER_SET_RESULTS */;
/*!40101 SET COLLATION_CONNECTION=@OLD_COLLATION_CONNECTION */;
/*!40111 SET SQL_NOTES=@OLD_SQL_NOTES */;

-- Dump completed on 2024-05-26 18:52:29
